Symbol,BasicPrice,OpenPrice,HighPrice,LowPrice,ClosePrice,AveragePrice,Volume,AdjustPrice,Ceiling,Floor,AverageAdjustPrice,TotalValue,AgreedVolume,AgreedValue,ChangePrice
,,,,,,,,,,,,,,,
BTD,18,19.8,20.7,19.8,20.7,20.7,12275,20.7,20.7,15.3,20.7,253145000,0,0,2.70 (15.00 %)
,,,,,,,,,,,,,,,
DBM,25.5,29.3,29.3,29.3,29.3,29.3,307,29.3,29.3,21.7,29.3,8995100,0,0,3.80 (14.90 %)
,,,,,,,,,,,,,,,
CFV,18.2,20.9,20.9,20.9,20.9,20.9,707,20.9,20.9,15.5,20.9,14776300,0,0,2.70 (14.84 %)
,,,,,,,,,,,,,,,
IST,31.2,35.8,35.8,35.8,35.8,35.8,100,35.8,35.8,26.6,35.8,3580000,0,0,4.60 (14.74 %)
,,,,,,,,,,,,,,,
HCB,19,21.8,21.8,21.8,21.8,21.8,501,21.8,21.8,16.2,21.8,10921800,0,0,2.80 (14.74 %)
,,,,,,,,,,,,,,,
MTG,10.9,11,12.5,11,12.5,12.5,2502,12.5,12.5,9.3,12.5,29974900,0,0,1.60 (14.68 %)
,,,,,,,,,,,,,,,
VIH,10.9,12.5,12.5,12.5,12.5,12.5,100,12.5,12.5,9.3,12.5,1250000,0,0,1.60 (14.68 %)
,,,,,,,,,,,,,,,
CMW,9.6,10.5,11,10.5,11,11,200,11,11,8.2,11,2150000,0,0,1.40 (14.58 %)
,,,,,,,,,,,,,,,
HD8,9,9.1,10.3,9.1,10.3,10.3,111500,10.3,10.3,7.7,10.3,1148110000,0,0,1.30 (14.44 %)
,,,,,,,,,,,,,,,
C21,13.2,15,15.1,14.2,15.1,15.1,13200,15.1,15.1,11.3,15.1,199140000,0,0,1.90 (14.39 %)
,,,,,,,,,,,,,,,
FHS,27.1,31,31,31,31,28.647,2901,28.647,31.1,23.1,28.647,89931000,0,0,1.55 (5.71 %)
,,,,,,,,,,,,,,,
TW3,12.6,14.4,14.4,14.4,14.4,14.4,100,14.4,14.4,10.8,14.4,1440000,0,0,1.80 (14.29 %)
,,,,,,,,,,,,,,,
NEM,21,22,23.9,22,23.9,23.9,1800,23.9,24.1,17.9,23.9,40890000,0,0,2.90 (13.81 %)
,,,,,,,,,,,,,,,
XHC,21,23.9,23.9,23.9,23.9,23.9,100,23.9,24.1,17.9,23.9,2390000,0,0,2.90 (13.81 %)
,,,,,,,,,,,,,,,
VCX,3.2,3.6,3.6,3.6,3.6,3.6,500,3.6,3.6,2.8,3.6,1800000,0,0,0.40 (12.50 %)
,,,,,,,,,,,,,,,
QHW,32.9,32.9,36.9,32.9,36.9,36.9,300,36.9,37.8,28,36.9,10670000,0,0,4.00 (12.16 %)
,,,,,,,,,,,,,,,
RTB,22.3,22.5,25,22.5,25,25,4500,25,25.6,19,25,106180000,0,0,2.70 (12.11 %)
,,,,,,,,,,,,,,,
DSG,5.4,6.2,6.2,6,6,6,202,6,6.2,4.6,6,1232400,0,0,0.60 (11.11 %)
,,,,,,,,,,,,,,,
BBT,7.8,8.4,8.6,8.4,8.6,8.6,15100,8.6,8.9,6.7,8.6,128320000,0,0,0.80 (10.26 %)
,,,,,,,,,,,,,,,
CCT,7.5,8.6,8.6,7.2,8.2,8.2,1300,8.2,8.6,6.4,8.2,9740000,0,0,0.70 (9.33 %)
,,,,,,,,,,,,,,,
FOX,57.1,57.4,62.9,57.4,61.9,61.9,516457,61.9,65.6,48.6,61.9,31618633000,0,0,4.80 (8.41 %)
,,,,,,,,,,,,,,,
LKW,30.3,32.9,32.9,32.5,32.5,32.5,1200,32.5,34.8,25.8,32.5,39200000,0,0,2.20 (7.26 %)
,,,,,,,,,,,,,,,
VHD,11.1,11.9,11.9,11.9,11.9,11.9,100,11.9,12.7,9.5,11.9,1190000,0,0,0.80 (7.21 %)
,,,,,,,,,,,,,,,
PCM,11.7,12,12.5,12,12.5,12.5,400,12.5,13.4,10,12.5,4920000,0,0,0.80 (6.84 %)
,,,,,,,,,,,,,,,
MVC,10.3,10.4,11,10.3,11,11,4008,11,11.8,8.8,11,42002400,0,0,0.70 (6.80 %)
,,,,,,,,,,,,,,,
AIC,12.1,12.9,12.9,12.9,12.9,12.9,103,12.9,13.9,10.3,12.9,1328700,0,0,0.80 (6.61 %)
,,,,,,,,,,,,,,,
AAH,3.2,3.2,3.5,3.1,3.4,3.4,2036983,3.4,3.6,2.8,3.4,6729181100,0,0,0.20 (6.25 %)
,,,,,,,,,,,,,,,
HRT,6.6,6.8,7,6.7,7,7,5404,7,7.5,5.7,7,36678000,0,0,0.40 (6.06 %)
,,,,,,,,,,,,,,,
HU3,3.3,3.5,3.5,3.5,3.5,3.5,2722,3.5,3.7,2.9,3.5,9527000,0,0,0.20 (6.06 %)
,,,,,,,,,,,,,,,
DC1,6.6,7,7,7,7,7,100,7,7.5,5.7,7,700000,0,0,0.40 (6.06 %)
,,,,,,,,,,,,,,,
DGT,5.4,5,5.7,5,5.7,5.7,194606,5.7,6.2,4.6,5.7,1087603000,0,0,0.30 (5.56 %)
,,,,,,,,,,,,,,,
HHG,1.9,1.9,2,1.9,2,2,141436,2,2.1,1.7,2,268749100,0,0,0.10 (5.26 %)
,,,,,,,,,,,,,,,
SRT,5.7,6.3,6.3,4.9,6,6,7700,6,6.5,4.9,6,43410000,0,0,0.30 (5.26 %)
,,,,,,,,,,,,,,,
VGI,60.2,63.9,65,61.4,63.3,63.3,2154049,63.3,69.2,51.2,63.3,1.36449E+11,0,0,3.10 (5.15 %)
,,,,,,,,,,,,,,,
LIC,19.7,20.9,20.9,20.7,20.7,20.7,600,20.7,22.6,16.8,20.7,12440000,0,0,1.00 (5.08 %)
,,,,,,,,,,,,,,,
SRB,2,1.9,2.1,1.9,2.1,2.1,22100,2.1,2.3,1.7,2.1,43230000,0,0,0.10 (5.00 %)
,,,,,,,,,,,,,,,
ICF,6,6,6.3,6,6.3,6.3,13432,6.3,6.9,5.1,6.3,81674900,0,0,0.30 (5.00 %)
,,,,,,,,,,,,,,,
DHD,29.1,30.1,30.5,30.1,30.5,30.5,2000,30.5,33.4,24.8,30.5,60650000,0,0,1.40 (4.81 %)
,,,,,,,,,,,,,,,
MTA,4.2,3.9,4.4,3.9,4.4,4.4,450,4.4,4.8,3.6,4.4,1935000,0,0,0.20 (4.76 %)
,,,,,,,,,,,,,,,
CNC,28.1,28.4,29.4,28.4,29.4,29.4,8300,29.4,32.3,23.9,29.4,241370000,0,0,1.30 (4.63 %)
,,,,,,,,,,,,,,,
DP1,35.2,36.3,38.5,35.2,36.8,36.8,11800,36.8,40.4,30,36.8,420410000,0,0,1.60 (4.55 %)
,,,,,,,,,,,,,,,
PCF,4.5,4.7,4.7,4.7,4.7,4.7,816,4.7,5.1,3.9,4.7,3835200,0,0,0.20 (4.44 %)
,,,,,,,,,,,,,,,
MVN,15.8,16,16.5,16,16.5,16.5,400,16.5,18.1,13.5,16.5,6550000,0,0,0.70 (4.43 %)
,,,,,,,,,,,,,,,
BTB,4.8,5,5,5,5,5,548,5,5.5,4.1,5,2730400,0,0,0.20 (4.17 %)
,,,,,,,,,,,,,,,
PFL,2.4,2.5,2.5,2.4,2.5,2.5,25600,2.5,2.7,2.1,2.5,61590000,0,0,0.10 (4.17 %)
,,,,,,,,,,,,,,,
LDW,12,12.5,12.5,12.5,12.5,12.5,100,12.5,13.8,10.2,12.5,1250000,0,0,0.50 (4.17 %)
,,,,,,,,,,,,,,,
DWC,9.9,10.3,10.3,10.3,10.3,10.3,700,10.3,11.3,8.5,10.3,7210000,0,0,0.40 (4.04 %)
,,,,,,,,,,,,,,,
BSG,9.9,10.3,10.3,10.3,10.3,10.3,700,10.3,11.3,8.5,10.3,7210000,0,0,0.40 (4.04 %)
,,,,,,,,,,,,,,,
CIP,2.5,2.6,2.6,2.6,2.6,2.6,200,2.6,2.8,2.2,2.6,520000,0,0,0.10 (4.00 %)
,,,,,,,,,,,,,,,
AGP,37.5,37.5,37.5,37.5,39,39,15,39,43.1,31.9,39,478500,0,0,1.50 (4.00 %)
,,,,,,,,,,,,,,,
TV1,20.2,21.5,21.5,20.6,21,21,631,21,23.2,17.2,21,13184900,0,0,0.80 (3.96 %)
,,,,,,,,,,,,,,,
LTG,23.5,23.6,24.5,23.5,24.4,24.4,266806,24.4,27,20,24.4,6429448300,0,0,0.90 (3.83 %)
,,,,,,,,,,,,,,,
PVO,5.3,5.4,5.6,5.3,5.5,5.5,10600,5.5,6,4.6,5.5,57240000,0,0,0.20 (3.77 %)
,,,,,,,,,,,,,,,
CC1,13.5,14.5,14.5,13.5,14,14,439,14,15.5,11.5,14,6136400,0,0,0.50 (3.70 %)
,,,,,,,,,,,,,,,
CGV,2.7,2.8,2.8,2.8,2.8,2.8,100,2.8,3.1,2.3,2.8,280000,0,0,0.10 (3.70 %)
,,,,,,,,,,,,,,,
BOT,2.7,2.7,2.8,2.7,2.8,2.8,576970,2.8,3.1,2.3,2.8,1583911900,0,0,0.10 (3.70 %)
,,,,,,,,,,,,,,,
PDC,5.4,5.6,5.6,5.6,5.6,5.6,100,5.6,6.2,4.6,5.6,560000,0,0,0.20 (3.70 %)
,,,,,,,,,,,,,,,
HU4,11.3,11.9,11.9,11.7,11.7,11.7,200,11.7,12.9,9.7,11.7,2360000,0,0,0.40 (3.54 %)
,,,,,,,,,,,,,,,
VMG,2.9,3,3,3,3,3,100,3,3.3,2.5,3,300000,0,0,0.10 (3.45 %)
,,,,,,,,,,,,,,,
BQB,3,3.4,3.4,2.8,3.1,3.1,10300,3.1,3.4,2.6,3.1,29930000,0,0,0.10 (3.33 %)
,,,,,,,,,,,,,,,
UDJ,9.1,9.2,9.4,9.2,9.4,9.4,19000,9.4,10.4,7.8,9.4,176600000,0,0,0.30 (3.30 %)
,,,,,,,,,,,,,,,
HEP,12.6,12.9,13,12.9,13,13,1912,13,14.4,10.8,13,24688000,0,0,0.40 (3.17 %)
,,,,,,,,,,,,,,,
H11,6.3,5.7,6.5,5.7,6.5,6.5,300,6.5,7.2,5.4,6.5,1870000,0,0,0.20 (3.17 %)
,,,,,,,,,,,,,,,
ANT,9.6,9.1,9.9,8.2,9.9,9.9,21500,9.9,11,8.2,9.9,193890000,0,0,0.30 (3.13 %)
,,,,,,,,,,,,,,,
VNZ,466,475,480,475,480,480,1366,480,535.9,396.1,480,654217000,0,0,14.00 (3.00 %)
,,,,,,,,,,,,,,,
DTI,3.5,3.6,3.6,3.5,3.6,3.6,32100,3.6,4,3,3.6,115060000,0,0,0.10 (2.86 %)
,,,,,,,,,,,,,,,
C92,3.6,3.7,3.7,3.7,3.7,3.7,500,3.7,4.1,3.1,3.7,1850000,0,0,0.10 (2.78 %)
,,,,,,,,,,,,,,,
SAS,25.6,26.3,26.3,26.3,26.3,26.3,601,26.3,29.4,21.8,26.3,15807800,0,0,0.70 (2.73 %)
,,,,,,,,,,,,,,,
SCJ,3.7,3.7,3.8,3.7,3.8,3.8,730,3.8,4.2,3.2,3.8,2751000,0,0,0.10 (2.70 %)
,,,,,,,,,,,,,,,
APF,64.3,62,66,62,66,66,44825,66,73.9,54.7,66,2933100000,0,0,1.70 (2.64 %)
,,,,,,,,,,,,,,,
PHS,15.4,15.8,15.8,15.8,15.8,15.8,101,15.8,17.7,13.1,15.8,1595200,0,0,0.40 (2.60 %)
,,,,,,,,,,,,,,,
IFS,31.8,32,32.7,32,32.6,32.6,3440,32.6,36.5,27.1,32.6,111544000,0,0,0.80 (2.52 %)
,,,,,,,,,,,,,,,
PTV,4,4.2,4.2,4.1,4.1,4.1,2010,4.1,4.6,3.4,4.1,8262000,0,0,0.10 (2.50 %)
,,,,,,,,,,,,,,,
KCB,8.1,8.4,8.4,8.2,8.3,8.3,4701,8.3,9.3,6.9,8.3,38578000,0,0,0.20 (2.47 %)
,,,,,,,,,,,,,,,
TOS,48.8,50.6,51,49,50,50,69600,50,56.1,41.5,50,3441470000,0,0,1.20 (2.46 %)
,,,,,,,,,,,,,,,
SZE,12.7,13,13,13,13,13,100,13,14.6,10.8,13,1300000,0,0,0.30 (2.36 %)
,,,,,,,,,,,,,,,
HTE,4.6,4.9,4.9,4.6,4.7,4.7,939,4.7,5.2,4,4.7,4434200,0,0,0.10 (2.17 %)
,,,,,,,,,,,,,,,
VBB,9.6,9.7,9.8,9.6,9.8,9.8,18000,9.8,11,8.2,9.8,174590000,0,0,0.20 (2.08 %)
,,,,,,,,,,,,,,,
VTP,73.9,75.4,77.9,74.5,75.4,0,1792500,75.4,79,68.8,0,1.3623E+11,0,0,-73.90 (-100.00 %)
,,,,,,,,,,,,,,,
BLT,40.5,41.4,41.5,41.3,41.3,41.3,3000,41.3,46.5,34.5,41.3,124030000,0,0,0.80 (1.98 %)
,,,,,,,,,,,,,,,
TTN,10.2,10.4,10.6,10.3,10.4,10.4,49000,10.4,11.7,8.7,10.4,510730000,0,0,0.20 (1.96 %)
,,,,,,,,,,,,,,,
PHP,21.4,21.4,21.8,21.1,21.8,21.8,15200,21.8,24.6,18.2,21.8,328640000,0,0,0.40 (1.87 %)
,,,,,,,,,,,,,,,
MPC,16.1,16.1,16.5,16.1,16.4,16.4,43811,16.4,18.5,13.7,16.4,717460400,0,0,0.30 (1.86 %)
,,,,,,,,,,,,,,,
BVB,10.8,10.8,11.1,10.8,11,11,297852,11,12.4,9.2,11,3267561100,0,0,0.20 (1.85 %)
,,,,,,,,,,,,,,,
TIE,5.5,5.1,5.6,5,5.6,5.6,600,5.6,6.3,4.7,5.6,3130000,0,0,0.10 (1.82 %)
,,,,,,,,,,,,,,,
DRI,11,11.1,11.5,11,11.2,11.2,307688,11.2,12.6,9.4,11.2,3444913200,0,0,0.20 (1.82 %)
,,,,,,,,,,,,,,,
TVN,5.6,5.7,5.7,5.6,5.7,5.7,39060,5.7,6.4,4.8,5.7,219075400,0,0,0.10 (1.79 %)
,,,,,,,,,,,,,,,
ILA,5.7,5.7,5.8,5.6,5.8,5.8,32700,5.8,6.5,4.9,5.8,186250000,0,0,0.10 (1.75 %)
,,,,,,,,,,,,,,,
VSE,5.9,6,6,6,6,6,100,6,6.7,5.1,6,600000,0,0,0.10 (1.69 %)
,,,,,,,,,,,,,,,
SCL,36.4,37,37,36.4,37,37,15900,37,41.8,31,37,582850000,0,0,0.60 (1.65 %)
,,,,,,,,,,,,,,,
MFS,24.5,24.8,24.9,24.6,24.9,24.9,2201,24.9,28.1,20.9,24.9,54625500,0,0,0.40 (1.63 %)
,,,,,,,,,,,,,,,
SJM,6.3,6.4,6.4,6.4,6.4,6.4,1210,6.4,7.2,5.4,6.4,7734000,0,0,0.10 (1.59 %)
,,,,,,,,,,,,,,,
MTP,12.8,13.4,13.4,13,13,13,548,13,14.7,10.9,13,7213600,0,0,0.20 (1.56 %)
,,,,,,,,,,,,,,,
TEL,13,13,13.2,13,13.2,13.2,15900,13.2,14.9,11.1,13.2,209700000,0,0,0.20 (1.54 %)
,,,,,,,,,,,,,,,
G36,6.9,6.9,7,6.8,7,7,167890,7,7.9,5.9,7,1156719600,0,0,0.10 (1.45 %)
,,,,,,,,,,,,,,,
CQN,28,28,28.5,28,28.4,28.4,10730,28.4,32.2,23.8,28.4,303670000,0,0,0.40 (1.43 %)
,,,,,,,,,,,,,,,
KGM,7,7.1,7.2,7.1,7.1,7.1,21125,7.1,8,6,7.1,151128500,0,0,0.10 (1.43 %)
,,,,,,,,,,,,,,,
DDN,7.6,7.7,7.7,7.7,7.7,7.7,475,7.7,8.7,6.5,7.7,3633800,0,0,0.10 (1.32 %)
,,,,,,,,,,,,,,,
NS2,7.6,7.9,7.9,7.7,7.7,7.7,206,7.7,8.7,6.5,7.7,1608600,0,0,0.10 (1.32 %)
,,,,,,,,,,,,,,,
CAR,22.9,22.9,23.2,22.9,23.2,23.2,4660,23.2,26.3,19.5,23.2,107514000,0,0,0.30 (1.31 %)
,,,,,,,,,,,,,,,
ABB,7.7,7.7,7.8,7.6,7.8,7.8,1053983,7.8,8.8,6.6,7.8,8119078400,0,0,0.10 (1.30 %)
,,,,,,,,,,,,,,,
ABI,23.6,23.2,24.1,23.2,23.9,23.9,3509,23.9,27.1,20.1,23.9,83962700,0,0,0.30 (1.27 %)
,,,,,,,,,,,,,,,
SWC,26.7,27,27,27,27,27,1200,27,30.7,22.7,27,32400000,0,0,0.30 (1.12 %)
,,,,,,,,,,,,,,,
BRR,18.4,19.8,19.8,18.4,18.6,18.6,900,18.6,21.1,15.7,18.6,16800000,0,0,0.20 (1.09 %)
,,,,,,,,,,,,,,,
HAN,9.2,9.3,9.3,9.3,9.3,9.3,200,9.3,10.5,7.9,9.3,1860000,0,0,0.10 (1.09 %)
,,,,,,,,,,,,,,,
VGV,28.2,28.1,28.5,28.1,28.5,28.5,2400,28.5,32.4,24,28.5,67550000,0,0,0.30 (1.06 %)
,,,,,,,,,,,,,,,
BMS,9.8,9.9,10,9.7,9.9,9.9,91419,9.9,11.2,8.4,9.9,904609400,0,0,0.10 (1.02 %)
,,,,,,,,,,,,,,,
AMS,10.2,10.4,10.6,10.1,10.3,10.3,75000,10.3,11.7,8.7,10.3,770630000,0,0,0.10 (0.98 %)
,,,,,,,,,,,,,,,
BMF,10.3,10.4,10.9,10.4,10.4,10.4,4100,10.4,11.8,8.8,10.4,43680000,0,0,0.10 (0.97 %)
,,,,,,,,,,,,,,,
BLI,10.4,10,10.5,10,10.5,10.5,18402,10.5,11.9,8.9,10.5,188920800,0,0,0.10 (0.96 %)
,,,,,,,,,,,,,,,
SNZ,31.3,31.8,31.8,30.3,31.6,31.6,2803,31.6,35.9,26.7,31.6,88860000,0,0,0.30 (0.96 %)
,,,,,,,,,,,,,,,
NCG,10.5,10.7,11,10,10.6,10.6,6801,10.6,12,9,10.6,70930300,0,0,0.10 (0.95 %)
,,,,,,,,,,,,,,,
HPP,63.3,63.9,63.9,63.9,63.9,63.9,100,63.9,72.7,53.9,63.9,6390000,0,0,0.60 (0.95 %)
,,,,,,,,,,,,,,,
PRT,10.7,10.8,10.8,10.8,10.8,10.8,5500,10.8,12.3,9.1,10.8,59400000,0,0,0.10 (0.93 %)
,,,,,,,,,,,,,,,
DSC,23.1,23.4,23.5,22.7,23.3,23.3,102100,23.3,26.5,19.7,23.3,2356700000,0,0,0.20 (0.87 %)
,,,,,,,,,,,,,,,
ABC,12.2,12.4,12.4,12.3,12.3,12.3,619,12.3,14,10.4,12.3,7669000,500000,5250000000,0.10 (0.82 %)
,,,,,,,,,,,,,,,
FIC,12.4,12.4,12.5,12.3,12.5,12.5,1100,12.5,14.2,10.6,12.5,13560000,0,0,0.10 (0.81 %)
,,,,,,,,,,,,,,,
SID,12.6,11.9,12.7,11.4,12.7,12.7,2002,12.7,14.4,10.8,12.7,23958800,0,0,0.10 (0.79 %)
,,,,,,,,,,,,,,,
VTR,26,26.1,26.5,25.8,26.2,26.2,42001,26.2,29.9,22.1,26.2,1091056500,0,0,0.20 (0.77 %)
,,,,,,,,,,,,,,,
MSR,13.9,14,14.3,13.9,14,14,154600,14,15.9,11.9,14,2169460000,0,0,0.10 (0.72 %)
,,,,,,,,,,,,,,,
DDV,14.5,14.7,14.8,14.4,14.6,14.6,647083,14.6,16.6,12.4,14.6,9460320300,0,0,0.10 (0.69 %)
,,,,,,,,,,,,,,,
NTC,198.5,202,202,197.5,199.8,199.8,12200,199.8,228.2,168.8,199.8,2414390000,0,0,1.30 (0.65 %)
,,,,,,,,,,,,,,,
PGB,18,18.3,18.3,18,18.1,18.1,6482,18.1,20.7,15.3,18.1,117747200,0,0,0.10 (0.56 %)
,,,,,,,,,,,,,,,
SGP,18.2,18.3,18.4,18.1,18.3,18.3,19360,18.3,20.9,15.5,18.3,354492000,0,0,0.10 (0.55 %)
,,,,,,,,,,,,,,,
CMD,18.8,18.9,19,18.8,18.9,18.9,5600,18.9,21.6,16,18.9,105460000,0,0,0.10 (0.53 %)
,,,,,,,,,,,,,,,
HPW,19.3,19,19.4,19,19.4,19.4,1000,19.4,22.1,16.5,19.4,19240000,0,0,0.10 (0.52 %)
,,,,,,,,,,,,,,,
VNA,19.9,19.9,19.9,19.9,20,20,6,20,22.8,17,20,114000,0,0,0.10 (0.50 %)
,,,,,,,,,,,,,,,
SBH,60.1,60.4,60.4,60.4,60.4,60.4,351,60.4,69.1,51.1,60.4,18950700,0,0,0.30 (0.50 %)
,,,,,,,,,,,,,,,
TDS,21.4,21.4,21.5,21.4,21.5,21.5,6040,21.5,24.6,18.2,21.5,129704000,0,0,0.10 (0.47 %)
,,,,,,,,,,,,,,,
TAL,22.1,22.1,22.2,21.9,22.2,22.2,98030,22.2,25.4,18.8,22.2,2160603000,0,0,0.10 (0.45 %)
,,,,,,,,,,,,,,,
QNS,45.5,45.6,45.9,45.4,45.7,45.7,214144,45.7,52.3,38.7,45.7,9754334100,0,0,0.20 (0.44 %)
,,,,,,,,,,,,,,,
WSB,47,47,47.2,46.4,47.2,47.2,4000,47.2,54,40,47.2,187630000,0,0,0.20 (0.43 %)
,,,,,,,,,,,,,,,
GEE,28.5,28.5,28.6,28.5,28.6,28.6,1300,28.6,32.7,24.3,28.6,37080000,0,0,0.10 (0.35 %)
,,,,,,,,,,,,,,,
CBS,28.8,28.9,29,28.8,28.9,28.9,4804,28.9,33.1,24.5,28.9,138986000,0,0,0.10 (0.35 %)
,,,,,,,,,,,,,,,
HDM,29.2,29.2,29.2,29.2,29.3,29.3,13,29.3,33.5,24.9,29.3,367800,0,0,0.10 (0.34 %)
,,,,,,,,,,,,,,,
VCW,31.6,31.6,31.7,31.6,31.7,31.7,1000,31.7,36.3,26.9,31.7,31630000,0,0,0.10 (0.32 %)
,,,,,,,,,,,,,,,
NAB,16.6,16.55,16.65,16.4,16.65,0,1500700,16.65,17.75,15.45,0,24862000000,0,0,-16.60 (-100.00 %)
,,,,,,,,,,,,,,,
HMS,42.4,43.4,43.5,42.4,42.5,42.5,4737,42.5,48.7,36.1,42.5,201950800,0,0,0.10 (0.24 %)
,,,,,,,,,,,,,,,
MCH,139.6,139.8,143.5,138.9,139.9,139.9,51774,139.9,160.5,118.7,139.9,7224290800,0,0,0.30 (0.21 %)
,,,,,,,,,,,,,,,
NLS,5.6,5.6,5.6,5.6,5.6,5.6,0,5.6,7.8,3.4,5.6,0,0,0,0.00 (0.00 %)
,,,,,,,,,,,,,,,
NJC,19.9,19.9,19.9,19.9,19.9,19.9,0,19.9,22.8,17,19.9,0,0,0,0.00 (0.00 %)
,,,,,,,,,,,,,,,
NHP,0.5,0.5,0.5,0.5,0.5,0.5,0,0.5,0.6,0.4,0.5,0,0,0,0.00 (0.00 %)
,,,,,,,,,,,,,,,
QNT,4.9,4.9,4.9,4.9,4.9,4.9,0,4.9,5.6,4.2,4.9,0,0,0,0.00 (0.00 %)
,,,,,,,,,,,,,,,
QNC,7,7,7,7,7,7,0,7,8,6,7,0,0,0,0.00 (0.00 %)
,,,,,,,,,,,,,,,
NGC,2,2,2,2,2,2,0,2,2.3,1.7,2,0,0,0,0.00 (0.00 %)
,,,,,,,,,,,,,,,
QNU,10,10,10,10,10,10,0,10,14,6,10,0,0,0,0.00 (0.00 %)
,,,,,,,,,,,,,,,
NHV,1,1,1,1,1,1,0,1,1.1,0.9,1,0,0,0,0.00 (0.00 %)
,,,,,,,,,,,,,,,
PJS,22.7,22.7,22.7,22.7,22.7,22.7,0,22.7,26.1,19.3,22.7,0,0,0,0.00 (0.00 %)
,,,,,,,,,,,,,,,
QCC,9.4,9.4,9.4,9.4,9.4,9.4,15,9.4,10.8,8,9.4,162000,0,0,0.00 (0.00 %)
,,,,,,,,,,,,,,,
NOS,1,1,1,1,1,1,0,1,1.1,0.9,1,0,0,0,0.00 (0.00 %)
,,,,,,,,,,,,,,,
QNW,7.5,7.5,7.5,7.5,7.5,7.5,0,7.5,8.6,6.4,7.5,0,0,0,0.00 (0.00 %)
,,,,,,,,,,,,,,,
PXT,3.6,3.7,3.7,3.5,3.6,3.6,18200,3.6,4.1,3.1,3.6,64060000,0,0,0.00 (0.00 %)
,,,,,,,,,,,,,,,
NQB,13.2,13.2,13.2,13.2,13.2,13.2,0,13.2,18.4,8,13.2,0,0,0,0.00 (0.00 %)
,,,,,,,,,,,,,,,
NQN,18,18,18,18,18,18,0,18,20.7,15.3,18,0,0,0,0.00 (0.00 %)
,,,,,,,,,,,,,,,
NQT,9,9,9,9,9,9,0,9,12.6,5.4,9,0,0,0,0.00 (0.00 %)
,,,,,,,,,,,,,,,
NSG,13,13,13,13,13,13,0,13,18.2,7.8,13,0,0,0,0.00 (0.00 %)
,,,,,,,,,,,,,,,
NSL,19.2,19.2,19.2,19.2,19.2,19.2,0,19.2,22,16.4,19.2,0,0,0,0.00 (0.00 %)
,,,,,,,,,,,,,,,
NSS,2.5,2.5,2.5,2.5,2.5,2.5,0,2.5,3.5,1.5,2.5,0,0,0,0.00 (0.00 %)
,,,,,,,,,,,,,,,
PXS,3.4,3.4,3.4,3.4,3.4,3.4,0,3.4,3.9,2.9,3.4,0,0,0,0.00 (0.00 %)
,,,,,,,,,,,,,,,
PXM,0.5,0.5,0.5,0.5,0.5,0.5,0,0.5,0.6,0.4,0.5,0,0,0,0.00 (0.00 %)
,,,,,,,,,,,,,,,
PXC,0.5,0.5,0.5,0.5,0.5,0.5,0,0.5,0.7,0.3,0.5,0,0,0,0.00 (0.00 %)
,,,,,,,,,,,,,,,
NNT,46,46,46,46,46,46,0,46,52.9,39.1,46,0,0,0,0.00 (0.00 %)
,,,,,,,,,,,,,,,
QPH,27.3,27.3,27.3,27.3,27.3,27.3,0,27.3,31.3,23.3,27.3,0,0,0,0.00 (0.00 %)
,,,,,,,,,,,,,,,
QTP,15.4,15.4,15.5,15.2,15.4,15.4,108350,15.4,17.7,13.1,15.4,1659780000,0,0,0.00 (0.00 %)
,,,,,,,,,,,,,,,
QSP,24.6,24.6,24.6,24.6,24.6,24.6,0,24.6,28.2,21,24.6,0,0,0,0.00 (0.00 %)
,,,,,,,,,,,,,,,
MTB,9.9,9.9,9.9,9.9,9.9,9.9,0,9.9,13.8,6,9.9,0,0,0,0.00 (0.00 %)
,,,,,,,,,,,,,,,
SAP,23.3,23.3,23.3,23.3,23.3,23.3,0,23.3,32.6,14,23.3,0,0,0,0.00 (0.00 %)
,,,,,,,,,,,,,,,
MTC,2.7,2.7,2.7,2.7,2.7,2.7,0,2.7,3.1,2.3,2.7,0,0,0,0.00 (0.00 %)
,,,,,,,,,,,,,,,
MTH,14.5,14.5,14.5,14.5,14.5,14.5,0,14.5,16.6,12.4,14.5,0,0,0,0.00 (0.00 %)
,,,,,,,,,,,,,,,
SAL,3.1,3.1,3.1,3.1,3.1,3.1,0,3.1,3.5,2.7,3.1,0,0,0,0.00 (0.00 %)
,,,,,,,,,,,,,,,
MTS,11,11,11,11,11,11,0,11,12.6,9.4,11,0,0,0,0.00 (0.00 %)
,,,,,,,,,,,,,,,
SAC,11.5,11.5,11.5,11.5,11.5,11.5,0,11.5,13.2,9.8,11.5,0,0,0,0.00 (0.00 %)
,,,,,,,,,,,,,,,
S74,7.4,7.4,7.4,7.4,7.4,7.4,0,7.4,8.5,6.3,7.4,0,0,0,0.00 (0.00 %)
,,,,,,,,,,,,,,,
S72,3.5,3.5,3.5,3.5,3.5,3.5,0,3.5,4,3,3.5,0,0,0,0.00 (0.00 %)
,,,,,,,,,,,,,,,
S27,0.7,0.7,0.7,0.7,0.7,0.7,0,0.7,0.8,0.6,0.7,0,0,0,0.00 (0.00 %)
,,,,,,,,,,,,,,,
S12,2.5,2.5,2.5,2.5,2.5,2.5,0,2.5,2.8,2.2,2.5,0,0,0,0.00 (0.00 %)
,,,,,,,,,,,,,,,
NAC,1.7,1.7,1.7,1.7,1.7,1.7,0,1.7,1.9,1.5,1.7,0,0,0,0.00 (0.00 %)
,,,,,,,,,,,,,,,
NAS,24,24,24,24,24,24,0,24,27.6,20.4,24,0,0,0,0.00 (0.00 %)
,,,,,,,,,,,,,,,
RIC,4,3.9,4,3.9,4,4,2001,4,4.6,3.4,4,7904000,0,0,0.00 (0.00 %)
,,,,,,,,,,,,,,,
NAU,7,7,7,7,7,7,0,7,8,6,7,0,0,0,0.00 (0.00 %)
,,,,,,,,,,,,,,,
NAW,7.9,7.9,7.9,7.9,7.9,7.9,0,7.9,9,6.8,7.9,0,0,0,0.00 (0.00 %)
,,,,,,,,,,,,,,,
RCD,2.2,2.2,2.2,2.2,2.2,2.2,0,2.2,2.5,1.9,2.2,0,0,0,0.00 (0.00 %)
,,,,,,,,,,,,,,,
NBT,14.7,15,15,14.7,14.7,14.7,300,14.7,16.9,12.5,14.7,4440000,0,0,0.00 (0.00 %)
,,,,,,,,,,,,,,,
RCC,14.5,14.5,14.5,14.5,14.5,14.5,0,14.5,16.6,12.4,14.5,0,0,0,0.00 (0.00 %)
,,,,,,,,,,,,,,,
NDC,162.7,162.7,162.7,162.7,162.7,162.7,0,162.7,187.1,138.3,162.7,0,0,0,0.00 (0.00 %)
,,,,,,,,,,,,,,,
RBC,6.5,6.5,6.5,6.5,6.5,6.5,0,6.5,7.4,5.6,6.5,0,0,0,0.00 (0.00 %)
,,,,,,,,,,,,,,,
RAT,15.5,15.5,15.5,15.5,15.5,15.5,0,15.5,21.7,9.3,15.5,0,0,0,0.00 (0.00 %)
,,,,,,,,,,,,,,,
NDP,21.7,21.7,21.7,21.7,21.7,21.7,2,21.7,24.9,18.5,21.7,43400,0,0,0.00 (0.00 %)
,,,,,,,,,,,,,,,
NDT,6.3,6.3,6.3,6.3,6.3,6.3,1400,6.3,7.2,5.4,6.3,8820000,0,0,0.00 (0.00 %)
,,,,,,,,,,,,,,,
PXA,1.2,1.2,1.2,1.2,1.2,1.2,0,1.2,1.3,1.1,1.2,0,0,0,0.00 (0.00 %)
,,,,,,,,,,,,,,,
NDW,9.2,9.2,9.2,9.2,9.2,9.2,0,9.2,12.8,5.6,9.2,0,0,0,0.00 (0.00 %)
,,,,,,,,,,,,,,,
NTF,39.9,39.9,39.9,39.9,39.9,39.9,0,39.9,45.8,34,39.9,0,0,0,0.00 (0.00 %)
,,,,,,,,,,,,,,,
PWS,12,12,12,12,12,12,0,12,13.8,10.2,12,0,0,0,0.00 (0.00 %)
,,,,,,,,,,,,,,,
SBD,7.1,7.1,7.1,7.1,7.1,7.1,0,7.1,8.1,6.1,7.1,0,0,0,0.00 (0.00 %)
,,,,,,,,,,,,,,,
PBC,6.5,6.5,6.5,6.4,6.5,6.5,11804,6.5,7.4,5.6,6.5,76367700,0,0,0.00 (0.00 %)
,,,,,,,,,,,,,,,
PBT,8.2,8.2,8.2,8.2,8.2,8.2,0,8.2,9.4,7,8.2,0,0,0,0.00 (0.00 %)
,,,,,,,,,,,,,,,
PRO,4,4,4,4,4,4,0,4,4.6,3.4,4,0,0,0,0.00 (0.00 %)
,,,,,,,,,,,,,,,
PQN,4,4,4,4,4,4,0,4,5.6,2.4,4,0,0,0,0.00 (0.00 %)
,,,,,,,,,,,,,,,
PPI,0.5,0.5,0.5,0.5,0.5,0.5,0,0.5,0.6,0.4,0.5,0,0,0,0.00 (0.00 %)
,,,,,,,,,,,,,,,
PCC,21.2,21.2,21.2,21.2,21.2,21.2,0,21.2,24.3,18.1,21.2,0,0,0,0.00 (0.00 %)
,,,,,,,,,,,,,,,
PPH,26.4,26.7,26.9,26.3,26.4,26.4,22300,26.4,30.3,22.5,26.4,589710000,0,0,0.00 (0.00 %)
,,,,,,,,,,,,,,,
POV,8.6,8.6,8.6,8.6,8.6,8.6,0,8.6,9.8,7.4,8.6,0,0,0,0.00 (0.00 %)
,,,,,,,,,,,,,,,
PCN,13,13,13,13,13,13,0,13,14.9,11.1,13,0,0,0,0.00 (0.00 %)
,,,,,,,,,,,,,,,
POB,50.6,50.6,50.6,50.6,50.6,50.6,0,50.6,70.8,30.4,50.6,0,0,0,0.00 (0.00 %)
,,,,,,,,,,,,,,,
PDV,11.7,11.7,11.7,11.6,11.7,11.7,50684,11.7,13.4,10,11.7,592925100,0,0,0.00 (0.00 %)
,,,,,,,,,,,,,,,
PNT,7.5,7.5,7.5,7.5,7.5,7.5,0,7.5,8.6,6.4,7.5,0,0,0,0.00 (0.00 %)
,,,,,,,,,,,,,,,
PAT,92,92.1,92.1,92,92,92,2813,92,105.8,78.2,92,258827500,0,0,0.00 (0.00 %)
,,,,,,,,,,,,,,,
PNP,20,20,20,20,20,20,0,20,23,17,20,0,0,0,0.00 (0.00 %)
,,,,,,,,,,,,,,,
PMW,32,32,32,32,32,32,0,32,36.8,27.2,32,0,0,0,0.00 (0.00 %)
,,,,,,,,,,,,,,,
PMT,7.9,7.9,7.9,7.9,7.9,7.9,0,7.9,9,6.8,7.9,0,0,0,0.00 (0.00 %)
,,,,,,,,,,,,,,,
PEC,7,7,7,7,7,7,0,7,8,6,7,0,0,0,0.00 (0.00 %)
,,,,,,,,,,,,,,,
PEG,6,6,6,6,6,6,0,6,6.9,5.1,6,0,0,0,0.00 (0.00 %)
,,,,,,,,,,,,,,,
PEQ,38,38,38,38,38,38,0,38,43.7,32.3,38,0,0,0,0.00 (0.00 %)
,,,,,,,,,,,,,,,
PHH,2.4,2.4,2.4,2.4,2.4,2.4,0,2.4,2.7,2.1,2.4,0,0,0,0.00 (0.00 %)
,,,,,,,,,,,,,,,
PMJ,17.5,17.5,17.5,17.5,17.5,17.5,0,17.5,20.1,14.9,17.5,0,0,0,0.00 (0.00 %)
,,,,,,,,,,,,,,,
PIS,9.4,9.4,9.4,9.4,9.4,9.4,0,9.4,10.8,8,9.4,0,0,0,0.00 (0.00 %)
,,,,,,,,,,,,,,,
PLO,2.3,2.3,2.3,2.3,2.3,2.3,0,2.3,2.6,2,2.3,0,0,0,0.00 (0.00 %)
,,,,,,,,,,,,,,,
PLE,9.6,9.6,9.6,9.6,9.6,9.6,0,9.6,13.4,5.8,9.6,0,0,0,0.00 (0.00 %)
,,,,,,,,,,,,,,,
PIV,1.9,2,2,1.9,1.9,1.9,44800,1.9,2.1,1.7,1.9,86160000,0,0,0.00 (0.00 %)
,,,,,,,,,,,,,,,
PLA,4.8,4.8,4.8,4.8,4.8,4.8,0,4.8,5.5,4.1,4.8,0,0,0,0.00 (0.00 %)
,,,,,,,,,,,,,,,
PND,6.9,6.9,6.9,6.9,6.9,6.9,0,6.9,7.9,5.9,6.9,0,0,0,0.00 (0.00 %)
,,,,,,,,,,,,,,,
PSB,5.8,5.3,5.8,5,5.8,5.8,10600,5.8,6.6,5,5.8,58460000,0,0,0.00 (0.00 %)
,,,,,,,,,,,,,,,
PAS,3.8,3.9,3.9,3.6,3.8,3.8,250408,3.8,4.3,3.3,3.8,929792300,0,0,0.00 (0.00 %)
,,,,,,,,,,,,,,,
PSG,0.7,0.7,0.7,0.7,0.7,0.7,0,0.7,0.8,0.6,0.7,0,0,0,0.00 (0.00 %)
,,,,,,,,,,,,,,,
PVY,2.4,2.4,2.4,2.4,2.4,2.4,0,2.4,2.7,2.1,2.4,0,0,0,0.00 (0.00 %)
,,,,,,,,,,,,,,,
PVX,1.9,1.9,1.9,1.9,1.9,1.9,0,1.9,2.1,1.7,1.9,0,0,0,0.00 (0.00 %)
,,,,,,,,,,,,,,,
PVV,1.6,1.6,1.6,1.6,1.6,1.6,0,1.6,1.8,1.4,1.6,0,0,0,0.00 (0.00 %)
,,,,,,,,,,,,,,,
PVR,0.9,0.9,0.9,0.9,0.9,0.9,0,0.9,1,0.8,0.9,0,0,0,0.00 (0.00 %)
,,,,,,,,,,,,,,,
NTT,9.1,9.1,9.1,9.1,9.1,9.1,0,9.1,10.4,7.8,9.1,0,0,0,0.00 (0.00 %)
,,,,,,,,,,,,,,,
PVM,14.9,15,15,14.7,14.9,14.9,4700,14.9,17.1,12.7,14.9,69740000,0,0,0.00 (0.00 %)
,,,,,,,,,,,,,,,
PVL,3.7,3.7,3.7,3.7,3.7,3.7,0,3.7,4.2,3.2,3.7,0,0,0,0.00 (0.00 %)
,,,,,,,,,,,,,,,
PVH,0.6,0.6,0.6,0.6,0.6,0.6,0,0.6,0.7,0.5,0.6,0,0,0,0.00 (0.00 %)
,,,,,,,,,,,,,,,
NTW,17,17,17,17,17,17,0,17,19.5,14.5,17,0,0,0,0.00 (0.00 %)
,,,,,,,,,,,,,,,
PVE,1.6,1.6,1.6,1.6,1.6,1.6,0,1.6,1.8,1.4,1.6,0,0,0,0.00 (0.00 %)
,,,,,,,,,,,,,,,
PVA,0.5,0.5,0.5,0.5,0.5,0.5,0,0.5,0.6,0.4,0.5,0,0,0,0.00 (0.00 %)
,,,,,,,,,,,,,,,
PTX,1.6,1.6,1.6,1.6,1.6,1.6,0,1.6,1.8,1.4,1.6,0,0,0,0.00 (0.00 %)
,,,,,,,,,,,,,,,
NUE,9.9,9.9,9.9,9.9,9.9,9.9,2,9.9,11.3,8.5,9.9,19800,0,0,0.00 (0.00 %)
,,,,,,,,,,,,,,,
PTT,7.9,7.9,7.9,7.9,7.9,7.9,0,7.9,9,6.8,7.9,0,0,0,0.00 (0.00 %)
,,,,,,,,,,,,,,,
PTP,12,12,12,12,12,12,0,12,13.8,10.2,12,0,0,0,0.00 (0.00 %)
,,,,,,,,,,,,,,,
NVP,7,7,7,7,7,7,0,7,9.8,4.2,7,0,0,0,0.00 (0.00 %)
,,,,,,,,,,,,,,,
PTO,17.5,17.5,17.5,17.5,17.5,17.5,0,17.5,24.5,10.5,17.5,0,0,0,0.00 (0.00 %)
,,,,,,,,,,,,,,,
NWT,5,5,5,5,5,5,0,5,5.7,4.3,5,0,0,0,0.00 (0.00 %)
,,,,,,,,,,,,,,,
ODE,45.2,45,45.2,45,45.2,45.2,20300,45.2,51.9,38.5,45.2,916390000,0,0,0.00 (0.00 %)
,,,,,,,,,,,,,,,
PTH,18.5,18.5,18.5,18.5,18.5,18.5,0,18.5,21.2,15.8,18.5,0,0,0,0.00 (0.00 %)
,,,,,,,,,,,,,,,
OIL,9.3,9.4,9.4,9.2,9.3,9.3,434941,9.3,10.6,8,9.3,4031168300,0,0,0.00 (0.00 %)
,,,,,,,,,,,,,,,
ONW,3.5,3.5,3.5,3.5,3.5,3.5,0,3.5,4,3,3.5,0,0,0,0.00 (0.00 %)
,,,,,,,,,,,,,,,
PTG,0.5,0.5,0.5,0.5,0.5,0.5,0,0.5,0.7,0.3,0.5,0,0,0,0.00 (0.00 %)
,,,,,,,,,,,,,,,
PTE,2.4,2.4,2.4,2.4,2.4,2.4,0,2.4,2.7,2.1,2.4,0,0,0,0.00 (0.00 %)
,,,,,,,,,,,,,,,
PAI,9.7,9.7,9.7,9.7,9.7,9.7,0,9.7,13.5,5.9,9.7,0,0,0,0.00 (0.00 %)
,,,,,,,,,,,,,,,
PSL,12,12,12,12,12,12,0,12,13.8,10.2,12,0,0,0,0.00 (0.00 %)
,,,,,,,,,,,,,,,
PAP,25.2,25.2,25.2,25.2,25.2,25.2,0,25.2,28.9,21.5,25.2,0,0,0,0.00 (0.00 %)
,,,,,,,,,,,,,,,
PX1,10,10,10,10,10,10,0,10,14,6,10,0,0,0,0.00 (0.00 %)
,,,,,,,,,,,,,,,
A32,38,38,38,38,38,38,0,38,43.7,32.3,38,0,0,0,0.00 (0.00 %)
,,,,,,,,,,,,,,,
SSF,20.1,20.1,20.1,20.1,20.1,20.1,0,20.1,23.1,17.1,20.1,0,0,0,0.00 (0.00 %)
,,,,,,,,,,,,,,,
SBM,31,31,31,31,31,31,0,31,35.6,26.4,31,0,0,0,0.00 (0.00 %)
,,,,,,,,,,,,,,,
VDN,12.9,12.9,12.9,12.9,12.9,12.9,0,12.9,14.8,11,12.9,0,0,0,0.00 (0.00 %)
,,,,,,,,,,,,,,,
VDT,20.6,20.6,20.6,20.6,20.6,20.6,0,20.6,23.6,17.6,20.6,0,0,0,0.00 (0.00 %)
,,,,,,,,,,,,,,,
VE2,10,10,10,10,10,10,0,10,11.5,8.5,10,0,0,0,0.00 (0.00 %)
,,,,,,,,,,,,,,,
VE9,1.8,2,2,1.8,1.8,1.8,2000,1.8,2,1.6,1.8,3640000,0,0,0.00 (0.00 %)
,,,,,,,,,,,,,,,
VEA,35.3,35.6,35.6,35.2,35.3,35.3,238029,35.3,40.5,30.1,35.3,8415908100,0,0,0.00 (0.00 %)
,,,,,,,,,,,,,,,
VEC,8.2,8.1,8.2,8,8.2,8.2,3400,8.2,9.4,7,8.2,27760000,0,0,0.00 (0.00 %)
,,,,,,,,,,,,,,,
VES,2.2,2.2,2.2,2.2,2.2,2.2,0,2.2,2.5,1.9,2.2,0,0,0,0.00 (0.00 %)
,,,,,,,,,,,,,,,
VFC,60.4,60.4,60.4,60.4,60.4,60.4,0,60.4,69.4,51.4,60.4,0,0,0,0.00 (0.00 %)
,,,,,,,,,,,,,,,
VGL,19.8,19.8,19.8,19.8,19.8,19.8,0,19.8,22.7,16.9,19.8,0,0,0,0.00 (0.00 %)
,,,,,,,,,,,,,,,
VHF,9.7,9.7,9.7,9.7,9.7,9.7,0,9.7,11.1,8.3,9.7,0,0,0,0.00 (0.00 %)
,,,,,,,,,,,,,,,
VHG,2.2,2.2,2.2,2.1,2.2,2.2,408335,2.2,2.5,1.9,2.2,867206900,0,0,0.00 (0.00 %)
,,,,,,,,,,,,,,,
VIE,5.1,5.1,5.1,5.1,5.1,5.1,0,5.1,5.8,4.4,5.1,0,0,0,0.00 (0.00 %)
,,,,,,,,,,,,,,,
VIM,22.1,22.1,22.1,22.1,22.1,22.1,0,22.1,25.4,18.8,22.1,0,0,0,0.00 (0.00 %)
,,,,,,,,,,,,,,,
VIN,21,21,21,21,21,21,18,21,24.1,17.9,21,374400,0,0,0.00 (0.00 %)
,,,,,,,,,,,,,,,
VIR,4.3,4.3,4.3,4.3,4.3,4.3,0,4.3,4.9,3.7,4.3,0,0,0,0.00 (0.00 %)
,,,,,,,,,,,,,,,
VIW,11,11,11,11,11,11,0,11,12.6,9.4,11,0,0,0,0.00 (0.00 %)
,,,,,,,,,,,,,,,
VKC,1,1,1,1,1,1,0,1,1.1,0.9,1,0,0,0,0.00 (0.00 %)
,,,,,,,,,,,,,,,
VDB,0.9,0.9,0.9,0.9,0.9,0.9,0,0.9,1.2,0.6,0.9,0,0,0,0.00 (0.00 %)
,,,,,,,,,,,,,,,
VKP,0.5,0.5,0.5,0.5,0.5,0.5,0,0.5,0.6,0.4,0.5,0,0,0,0.00 (0.00 %)
,,,,,,,,,,,,,,,
VCT,8.5,8.5,8.5,8.5,8.5,8.5,0,8.5,9.7,7.3,8.5,0,0,0,0.00 (0.00 %)
,,,,,,,,,,,,,,,
VCE,8,8,8,8,8,8,0,8,11.2,4.8,8,0,0,0,0.00 (0.00 %)
,,,,,,,,,,,,,,,
TVH,20.3,20.3,20.3,20.3,20.3,20.3,0,20.3,28.4,12.2,20.3,0,0,0,0.00 (0.00 %)
,,,,,,,,,,,,,,,
TVM,8,8,8,8,8,8,0,8,11.2,4.8,8,0,0,0,0.00 (0.00 %)
,,,,,,,,,,,,,,,
UCT,4.7,4.7,4.7,4.7,4.7,4.7,0,4.7,5.4,4,4.7,0,0,0,0.00 (0.00 %)
,,,,,,,,,,,,,,,
UDC,3.1,3.1,3.2,3,3.1,3.1,20700,3.1,3.5,2.7,3.1,63730000,0,0,0.00 (0.00 %)
,,,,,,,,,,,,,,,
UDL,12.5,12.5,12.5,12.5,12.5,12.5,0,12.5,17.5,7.5,12.5,0,0,0,0.00 (0.00 %)
,,,,,,,,,,,,,,,
UEM,12.9,12.9,12.9,12.9,12.9,12.9,0,12.9,14.8,11,12.9,0,0,0,0.00 (0.00 %)
,,,,,,,,,,,,,,,
UMC,10,10,10,10,10,10,0,10,14,6,10,0,0,0,0.00 (0.00 %)
,,,,,,,,,,,,,,,
UPC,25,25,25,25,25,25,0,25,35,15,25,0,0,0,0.00 (0.00 %)
,,,,,,,,,,,,,,,
UPH,9.9,9.9,9.9,9.9,9.9,9.9,0,9.9,11.3,8.5,9.9,0,0,0,0.00 (0.00 %)
,,,,,,,,,,,,,,,
USC,10.1,10.1,10.1,10.1,10.1,10.1,0,10.1,11.6,8.6,10.1,0,0,0,0.00 (0.00 %)
,,,,,,,,,,,,,,,
USD,17.7,17.7,17.7,17.7,17.7,17.7,0,17.7,20.3,15.1,17.7,0,0,0,0.00 (0.00 %)
,,,,,,,,,,,,,,,
V11,0.4,0.4,0.4,0.4,0.4,0.4,0,0.4,0.5,0.3,0.4,0,0,0,0.00 (0.00 %)
,,,,,,,,,,,,,,,
V15,0.4,0.4,0.4,0.4,0.4,0.4,0,0.4,0.5,0.3,0.4,0,0,0,0.00 (0.00 %)
,,,,,,,,,,,,,,,
VAV,41.5,41.5,41.5,41.5,41.5,41.5,0,41.5,47.7,35.3,41.5,0,0,0,0.00 (0.00 %)
,,,,,,,,,,,,,,,
VBG,5,5,5,5,5,5,0,5,7,3,5,0,0,0,0.00 (0.00 %)
,,,,,,,,,,,,,,,
VBH,18.9,18.9,18.9,18.9,18.9,18.9,0,18.9,26.4,11.4,18.9,0,0,0,0.00 (0.00 %)
,,,,,,,,,,,,,,,
VC5,1,1,1,1,1,1,0,1,1.1,0.9,1,0,0,0,0.00 (0.00 %)
,,,,,,,,,,,,,,,
VCP,19.9,19.9,20,19.8,19.9,19.9,6100,19.9,22.8,17,19.9,121120000,0,0,0.00 (0.00 %)
,,,,,,,,,,,,,,,
TVG,4.1,4.1,4.1,4.1,4.1,4.1,0,4.1,5.7,2.5,4.1,0,0,0,0.00 (0.00 %)
,,,,,,,,,,,,,,,
VLC,15.7,15.8,15.8,15.5,15.7,15.7,28310,15.7,18,13.4,15.7,441665500,0,0,0.00 (0.00 %)
,,,,,,,,,,,,,,,
VLP,0.1,0.1,0.1,0.1,0.1,0.1,0,0.1,0.2,0.1,0.1,0,0,0,0.00 (0.00 %)
,,,,,,,,,,,,,,,
VTS,19.2,19.2,19.2,19.2,19.2,19.2,0,19.2,26.8,11.6,19.2,0,0,0,0.00 (0.00 %)
,,,,,,,,,,,,,,,
VTX,8,8,8,8,8,8,0,8,9.2,6.8,8,0,0,0,0.00 (0.00 %)
,,,,,,,,,,,,,,,
VVN,2.3,2.3,2.3,2.3,2.3,2.3,0,2.3,2.6,2,2.3,0,0,0,0.00 (0.00 %)
,,,,,,,,,,,,,,,
VVS,20.2,20.2,20.2,20.2,20.2,20.2,0,20.2,23.2,17.2,20.2,0,0,0,0.00 (0.00 %)
,,,,,,,,,,,,,,,
VW3,12.4,12.4,12.4,12.4,12.4,12.4,0,12.4,14.2,10.6,12.4,0,0,0,0.00 (0.00 %)
,,,,,,,,,,,,,,,
VWS,19.5,19.5,19.5,19.5,19.5,19.5,0,19.5,27.3,11.7,19.5,0,0,0,0.00 (0.00 %)
,,,,,,,,,,,,,,,
VXB,22.4,22.4,22.4,22.4,22.4,22.4,0,22.4,25.7,19.1,22.4,0,0,0,0.00 (0.00 %)
,,,,,,,,,,,,,,,
VXP,30.6,30.6,30.6,30.6,30.6,30.6,0,30.6,42.8,18.4,30.6,0,0,0,0.00 (0.00 %)
,,,,,,,,,,,,,,,
VXT,20.8,20.8,20.8,20.8,20.8,20.8,0,20.8,23.9,17.7,20.8,0,0,0,0.00 (0.00 %)
,,,,,,,,,,,,,,,
WTC,12.8,12.8,12.8,12.8,12.8,12.8,0,12.8,14.7,10.9,12.8,0,0,0,0.00 (0.00 %)
,,,,,,,,,,,,,,,
X26,21.5,21.5,21.5,21.5,21.5,21.5,0,21.5,30.1,12.9,21.5,0,0,0,0.00 (0.00 %)
,,,,,,,,,,,,,,,
X77,0.3,0.3,0.3,0.3,0.3,0.3,0,0.3,0.4,0.2,0.3,0,0,0,0.00 (0.00 %)
,,,,,,,,,,,,,,,
XDH,18.9,18.9,18.9,18.9,18.9,18.9,0,18.9,21.7,16.1,18.9,0,0,0,0.00 (0.00 %)
,,,,,,,,,,,,,,,
XLV,10,10,10,10,10,10,0,10,11.5,8.5,10,0,0,0,0.00 (0.00 %)
,,,,,,,,,,,,,,,
XMC,7.1,7.1,7.1,7.1,7.1,7.1,3200,7.1,8.1,6.1,7.1,22720000,0,0,0.00 (0.00 %)
,,,,,,,,,,,,,,,
XMD,8.5,8.5,8.5,8.5,8.5,8.5,0,8.5,9.7,7.3,8.5,0,0,0,0.00 (0.00 %)
,,,,,,,,,,,,,,,
XMP,19.4,19.4,19.4,19.4,19.4,19.4,0,19.4,22.3,16.5,19.4,0,0,0,0.00 (0.00 %)
,,,,,,,,,,,,,,,
VTQ,38.3,38.3,38.3,38.3,38.3,38.3,0,38.3,53.6,23,38.3,0,0,0,0.00 (0.00 %)
,,,,,,,,,,,,,,,
VLF,1.2,1.2,1.2,1.2,1.2,1.2,0,1.2,1.3,1.1,1.2,0,0,0,0.00 (0.00 %)
,,,,,,,,,,,,,,,
VTM,21.8,21.8,21.8,21.8,21.8,21.8,0,21.8,30.5,13.1,21.8,0,0,0,0.00 (0.00 %)
,,,,,,,,,,,,,,,
VTG,8.6,8.6,8.6,8.6,8.6,8.6,0,8.6,9.8,7.4,8.6,0,0,0,0.00 (0.00 %)
,,,,,,,,,,,,,,,
VLW,20.4,20.4,20.4,20.4,20.4,20.4,0,20.4,23.4,17.4,20.4,0,0,0,0.00 (0.00 %)
,,,,,,,,,,,,,,,
VMA,4.6,4.6,4.6,4.6,4.6,4.6,0,4.6,6.4,2.8,4.6,0,0,0,0.00 (0.00 %)
,,,,,,,,,,,,,,,
VMK,16.5,16.5,16.5,16.5,16.5,16.5,0,16.5,18.9,14.1,16.5,0,0,0,0.00 (0.00 %)
,,,,,,,,,,,,,,,
VMT,21.2,21.2,21.2,21.2,21.2,21.2,0,21.2,24.3,18.1,21.2,0,0,0,0.00 (0.00 %)
,,,,,,,,,,,,,,,
VNB,10.1,10.3,10.3,10,10.1,10.1,67300,10.1,11.6,8.6,10.1,681730000,0,0,0.00 (0.00 %)
,,,,,,,,,,,,,,,
VNH,1.7,1.7,1.7,1.7,1.7,1.7,0,1.7,1.9,1.5,1.7,0,0,0,0.00 (0.00 %)
,,,,,,,,,,,,,,,
VNP,12.7,12.7,12.7,12.7,12.7,12.7,500,12.7,14.6,10.8,12.7,6350000,0,0,0.00 (0.00 %)
,,,,,,,,,,,,,,,
VNX,27,27,27,27,27,27,0,27,37.8,16.2,27,0,0,0,0.00 (0.00 %)
,,,,,,,,,,,,,,,
VNY,5.9,5.9,5.9,5.9,5.9,5.9,0,5.9,6.7,5.1,5.9,0,0,0,0.00 (0.00 %)
,,,,,,,,,,,,,,,
VPA,3.9,3.9,3.9,3.9,3.9,3.9,0,3.9,4.4,3.4,3.9,0,0,0,0.00 (0.00 %)
,,,,,,,,,,,,,,,
VPC,2.3,2.3,2.3,2.3,2.3,2.3,0,2.3,2.6,2,2.3,0,0,0,0.00 (0.00 %)
,,,,,,,,,,,,,,,
VPW,10,10,10,10,10,10,0,10,14,6,10,0,0,0,0.00 (0.00 %)
,,,,,,,,,,,,,,,
VQC,14.3,14.3,14.3,14.3,14.3,14.3,0,14.3,16.4,12.2,14.3,0,0,0,0.00 (0.00 %)
,,,,,,,,,,,,,,,
VSG,1.7,1.7,1.7,1.7,1.7,1.7,0,1.7,1.9,1.5,1.7,0,0,0,0.00 (0.00 %)
,,,,,,,,,,,,,,,
VSN,20.2,20.2,20.2,20.2,20.2,20.2,0,20.2,23.2,17.2,20.2,0,0,0,0.00 (0.00 %)
,,,,,,,,,,,,,,,
VST,2.8,2.8,2.8,2.8,2.8,2.8,0,2.8,3.2,2.4,2.8,0,0,0,0.00 (0.00 %)
,,,,,,,,,,,,,,,
VTD,8,8.1,8.3,7.8,8,8,42150,8,9.2,6.8,8,331275000,0,0,0.00 (0.00 %)
,,,,,,,,,,,,,,,
VTI,4,4,4,4,4,4,0,4,4.6,3.4,4,0,0,0,0.00 (0.00 %)
,,,,,,,,,,,,,,,
SBL,7,7,7,7,7,7,200,7,8,6,7,1400000,0,0,0.00 (0.00 %)
,,,,,,,,,,,,,,,
TVA,11.2,11.2,11.2,11.2,11.2,11.2,0,11.2,12.8,9.6,11.2,0,0,0,0.00 (0.00 %)
,,,,,,,,,,,,,,,
TTS,9.2,9.2,9.2,9.2,9.2,9.2,0,9.2,10.5,7.9,9.2,0,0,0,0.00 (0.00 %)
,,,,,,,,,,,,,,,
SNC,20,20,20,20,20,20,0,20,23,17,20,0,0,0,0.00 (0.00 %)
,,,,,,,,,,,,,,,
SP2,16.5,16.5,16.5,16.5,16.5,16.5,0,16.5,18.9,14.1,16.5,0,0,0,0.00 (0.00 %)
,,,,,,,,,,,,,,,
SPB,23,23,23,23,23,23,0,23,26.4,19.6,23,0,0,0,0.00 (0.00 %)
,,,,,,,,,,,,,,,
SPD,8,8,8,8,8,8,0,8,9.2,6.8,8,0,0,0,0.00 (0.00 %)
,,,,,,,,,,,,,,,
SPH,10,10,10,10,10,10,0,10,14,6,10,0,0,0,0.00 (0.00 %)
,,,,,,,,,,,,,,,
SQC,7.4,7.4,7.4,7.4,7.4,7.4,0,7.4,8.5,6.3,7.4,0,0,0,0.00 (0.00 %)
,,,,,,,,,,,,,,,
SSN,1.3,1.3,1.3,1.3,1.3,1.3,0,1.3,1.4,1.2,1.3,0,0,0,0.00 (0.00 %)
,,,,,,,,,,,,,,,
STS,37,37,37,37,37,37,0,37,51.8,22.2,37,0,0,0,0.00 (0.00 %)
,,,,,,,,,,,,,,,
STT,1.8,1.8,1.8,1.8,1.8,1.8,0,1.8,2,1.6,1.8,0,0,0,0.00 (0.00 %)
,,,,,,,,,,,,,,,
STW,26.5,26.5,26.5,26.5,26.5,26.5,0,26.5,37.1,15.9,26.5,0,0,0,0.00 (0.00 %)
,,,,,,,,,,,,,,,
SVG,4.9,4.9,4.9,4.9,4.9,4.9,0,4.9,5.6,4.2,4.9,0,0,0,0.00 (0.00 %)
,,,,,,,,,,,,,,,
SVH,6,6,6,6,6,6,0,6,8.4,3.6,6,0,0,0,0.00 (0.00 %)
,,,,,,,,,,,,,,,
SZG,32.6,32.6,32.6,32.6,32.6,32.6,0,32.6,37.4,27.8,32.6,0,0,0,0.00 (0.00 %)
,,,,,,,,,,,,,,,
TA3,5.4,5.4,5.4,5.4,5.4,5.4,0,5.4,7.5,3.3,5.4,0,0,0,0.00 (0.00 %)
,,,,,,,,,,,,,,,
TA6,6.5,6.5,6.5,6.5,6.5,6.5,0,6.5,7.4,5.6,6.5,0,0,0,0.00 (0.00 %)
,,,,,,,,,,,,,,,
TAN,39.7,39.7,39.7,39.7,39.7,39.7,0,39.7,55.5,23.9,39.7,0,0,0,0.00 (0.00 %)
,,,,,,,,,,,,,,,
TAW,11.3,11.3,11.3,11.3,11.3,11.3,0,11.3,12.9,9.7,11.3,0,0,0,0.00 (0.00 %)
,,,,,,,,,,,,,,,
SJC,4.8,4.8,4.8,4.8,4.8,4.8,0,4.8,5.5,4.1,4.8,0,0,0,0.00 (0.00 %)
,,,,,,,,,,,,,,,
TB8,11.5,11.5,11.5,11.5,11.5,11.5,0,11.5,16.1,6.9,11.5,0,0,0,0.00 (0.00 %)
,,,,,,,,,,,,,,,
SIV,34.3,34.3,34.3,34.3,34.3,34.3,0,34.3,39.4,29.2,34.3,0,0,0,0.00 (0.00 %)
,,,,,,,,,,,,,,,
SHG,2.3,2.3,2.3,2.3,2.3,2.3,0,2.3,2.6,2,2.3,0,0,0,0.00 (0.00 %)
,,,,,,,,,,,,,,,
SBR,7.2,7.2,7.2,7.2,7.2,7.2,0,7.2,8.2,6.2,7.2,0,0,0,0.00 (0.00 %)
,,,,,,,,,,,,,,,
SBS,6.7,6.8,6.8,6.5,6.7,6.7,550224,6.7,7.7,5.7,6.7,3638650800,0,0,0.00 (0.00 %)
,,,,,,,,,,,,,,,
SCC,2.3,2.3,2.3,2.3,2.3,2.3,0,2.3,2.6,2,2.3,0,0,0,0.00 (0.00 %)
,,,,,,,,,,,,,,,
SCO,5.2,5.2,5.2,5.2,5.2,5.2,0,5.2,5.9,4.5,5.2,0,0,0,0.00 (0.00 %)
,,,,,,,,,,,,,,,
SCY,12,12,12,12,12,11.6196,0,11.6196,13.8,10.2,11.6196,0,0,0,-0.38 (-3.17 %)
,,,,,,,,,,,,,,,
SD2,4.3,4.3,4.3,4.3,4.3,4.3,0,4.3,4.9,3.7,4.3,0,0,0,0.00 (0.00 %)
,,,,,,,,,,,,,,,
SD3,6.7,6.7,6.7,6.7,6.7,6.7,0,6.7,7.7,5.7,6.7,0,0,0,0.00 (0.00 %)
,,,,,,,,,,,,,,,
SD7,3.4,3.4,3.4,3.4,3.4,3.4,0,3.4,3.9,2.9,3.4,0,0,0,0.00 (0.00 %)
,,,,,,,,,,,,,,,
SDD,1.9,1.9,1.9,1.9,1.9,1.9,75579,1.9,2.1,1.7,1.9,143592200,0,0,0.00 (0.00 %)
,,,,,,,,,,,,,,,
SDJ,3.1,3.1,3.1,3.1,3.1,3.1,0,3.1,3.5,2.7,3.1,0,0,0,0.00 (0.00 %)
,,,,,,,,,,,,,,,
SDK,23.5,23.5,23.5,23.5,23.5,23.5,0,23.5,27,20,23.5,0,0,0,0.00 (0.00 %)
,,,,,,,,,,,,,,,
SDP,1.1,1.1,1.1,1.1,1.1,1.1,0,1.1,1.2,1,1.1,0,0,0,0.00 (0.00 %)
,,,,,,,,,,,,,,,
SDY,1.1,1.1,1.1,1.1,1.1,1.1,0,1.1,1.2,1,1.1,0,0,0,0.00 (0.00 %)
,,,,,,,,,,,,,,,
SEA,30,30,30,30,30,30,0,30,34.5,25.5,30,0,0,0,0.00 (0.00 %)
,,,,,,,,,,,,,,,
SEP,33.9,33.9,33.9,33.9,33.9,33.9,0,33.9,38.9,28.9,33.9,0,0,0,0.00 (0.00 %)
,,,,,,,,,,,,,,,
SGB,13.3,13.2,13.5,13,13.3,13.3,6903,13.3,15.2,11.4,13.3,91720200,0,0,0.00 (0.00 %)
,,,,,,,,,,,,,,,
SGS,17.1,17.1,17.1,17.1,17.1,17.1,0,17.1,19.6,14.6,17.1,0,0,0,0.00 (0.00 %)
,,,,,,,,,,,,,,,
SII,16.6,16.6,16.6,16.6,16.6,16.6,0,16.6,19,14.2,16.6,0,0,0,0.00 (0.00 %)
,,,,,,,,,,,,,,,
TV6,7.5,7.5,7.5,7.5,7.5,7.5,300,7.5,8.6,6.4,7.5,2250000,0,0,0.00 (0.00 %)
,,,,,,,,,,,,,,,
TBD,94.7,94.7,94.7,94.7,94.7,94.7,0,94.7,108.9,80.5,94.7,0,0,0,0.00 (0.00 %)
,,,,,,,,,,,,,,,
TBR,7.9,7.9,7.9,7.9,7.9,7.9,0,7.9,9,6.8,7.9,0,0,0,0.00 (0.00 %)
,,,,,,,,,,,,,,,
TNB,13.5,13.5,13.5,13.5,13.5,13.5,0,13.5,18.9,8.1,13.5,0,0,0,0.00 (0.00 %)
,,,,,,,,,,,,,,,
TNP,23.8,23.8,23.8,23.8,23.8,23.8,0,23.8,27.3,20.3,23.8,0,0,0,0.00 (0.00 %)
,,,,,,,,,,,,,,,
TNS,3.4,3.4,3.4,3.4,3.4,3.4,0,3.4,3.9,2.9,3.4,0,0,0,0.00 (0.00 %)
,,,,,,,,,,,,,,,
TNW,11.5,11.5,11.5,11.5,11.5,11.5,0,11.5,13.2,9.8,11.5,0,0,0,0.00 (0.00 %)
,,,,,,,,,,,,,,,
TOP,1.2,1.2,1.2,1.2,1.2,1.2,0,1.2,1.3,1.1,1.2,0,0,0,0.00 (0.00 %)
,,,,,,,,,,,,,,,
TOW,18,18,18,18,18,18,0,18,20.7,15.3,18,0,0,0,0.00 (0.00 %)
,,,,,,,,,,,,,,,
TPS,15,15,15,15,15,15,0,15,21,9,15,0,0,0,0.00 (0.00 %)
,,,,,,,,,,,,,,,
TQN,21.1,21.1,21.1,21.1,21.1,21.1,0,21.1,29.5,12.7,21.1,0,0,0,0.00 (0.00 %)
,,,,,,,,,,,,,,,
TQW,8.8,8.8,8.8,8.8,8.8,8.8,0,8.8,12.3,5.3,8.8,0,0,0,0.00 (0.00 %)
,,,,,,,,,,,,,,,
TR1,14,14,14,14,14,14,2,14,16.1,11.9,14,31000,0,0,0.00 (0.00 %)
,,,,,,,,,,,,,,,
TRS,37,37,37,37,37,37,0,37,42.5,31.5,37,0,0,0,0.00 (0.00 %)
,,,,,,,,,,,,,,,
TRT,10.8,10.8,10.8,10.8,10.8,10.8,0,10.8,15.1,6.5,10.8,0,0,0,0.00 (0.00 %)
,,,,,,,,,,,,,,,
TSG,13.5,13.5,13.5,13.5,13.5,13.5,700,13.5,15.5,11.5,13.5,9450000,0,0,0.00 (0.00 %)
,,,,,,,,,,,,,,,
TSJ,24.5,24.5,24.5,24.5,24.5,24.5,0,24.5,28.1,20.9,24.5,0,0,0,0.00 (0.00 %)
,,,,,,,,,,,,,,,
TST,4.1,4.1,4.1,4.1,4.1,4.1,0,4.1,4.7,3.5,4.1,0,0,0,0.00 (0.00 %)
,,,,,,,,,,,,,,,
TTD,77.5,77.5,77.5,77.5,77.5,77.5,0,77.5,89.1,65.9,77.5,0,0,0,0.00 (0.00 %)
,,,,,,,,,,,,,,,
TTG,15.2,15.2,15.2,15.2,15.2,15.2,0,15.2,17.4,13,15.2,0,0,0,0.00 (0.00 %)
,,,,,,,,,,,,,,,
TMW,18,18,18,18,18,18,0,18,20.7,15.3,18,0,0,0,0.00 (0.00 %)
,,,,,,,,,,,,,,,
TBH,11.6,11.6,11.6,11.6,11.6,11.6,0,11.6,13.3,9.9,11.6,0,0,0,0.00 (0.00 %)
,,,,,,,,,,,,,,,
TMG,57.3,57.3,57.3,57.3,57.3,57.3,0,57.3,65.8,48.8,57.3,0,0,0,0.00 (0.00 %)
,,,,,,,,,,,,,,,
TLI,5.7,6.1,6.1,5.7,5.7,5.7,500,5.7,6.5,4.9,5.7,2890000,0,0,0.00 (0.00 %)
,,,,,,,,,,,,,,,
TBW,15.2,15.2,15.2,15.2,15.2,15.2,0,15.2,21.2,9.2,15.2,0,0,0,0.00 (0.00 %)
,,,,,,,,,,,,,,,
TCJ,4,4,4,4,4,4,0,4,4.6,3.4,4,0,0,0,0.00 (0.00 %)
,,,,,,,,,,,,,,,
TCK,3.9,3.9,3.9,3.9,3.9,3.9,0,3.9,5.4,2.4,3.9,0,0,0,0.00 (0.00 %)
,,,,,,,,,,,,,,,
TCW,29.1,29.1,29.1,29.1,29.1,29.1,7039,29.1,33.4,24.8,29.1,204831000,0,0,0.00 (0.00 %)
,,,,,,,,,,,,,,,
TDB,39.6,39.6,39.6,39.6,39.6,39.6,500,39.6,45.5,33.7,39.6,19800000,0,0,0.00 (0.00 %)
,,,,,,,,,,,,,,,
TDF,16.2,16.2,16.2,16.2,16.2,16.2,0,16.2,18.6,13.8,16.2,0,0,0,0.00 (0.00 %)
,,,,,,,,,,,,,,,
TGP,4.8,4.8,4.8,4.8,4.8,4.8,0,4.8,5.5,4.1,4.8,0,0,0,0.00 (0.00 %)
,,,,,,,,,,,,,,,
TH1,4.3,4.3,4.3,4.3,4.3,4.3,0,4.3,4.9,3.7,4.3,0,0,0,0.00 (0.00 %)
,,,,,,,,,,,,,,,
THN,4.4,4.4,4.4,4.4,4.4,4.4,0,4.4,5,3.8,4.4,0,0,0,0.00 (0.00 %)
,,,,,,,,,,,,,,,
THP,7.3,7.3,7.3,7.3,7.3,7.3,0,7.3,8.3,6.3,7.3,0,0,0,0.00 (0.00 %)
,,,,,,,,,,,,,,,
THU,7,7,7,7,7,7,0,7,9.8,4.2,7,0,0,0,0.00 (0.00 %)
,,,,,,,,,,,,,,,
THW,9.1,9.1,9.1,9.1,9.1,9.1,0,9.1,10.4,7.8,9.1,0,0,0,0.00 (0.00 %)
,,,,,,,,,,,,,,,
TID,23.4,23.4,23.6,23.4,23.4,23.4,20029,23.4,26.9,19.9,23.4,469558600,0,0,0.00 (0.00 %)
,,,,,,,,,,,,,,,
TIN,10.7,10.7,10.7,10.7,10.7,10.7,0,10.7,12.3,9.1,10.7,0,0,0,0.00 (0.00 %)
,,,,,,,,,,,,,,,
TIS,4.1,4.2,4.2,4.1,4.1,4.1,13500,4.1,4.7,3.5,4.1,56000000,0,0,0.00 (0.00 %)
,,,,,,,,,,,,,,,
TKA,4.7,4.7,4.7,4.7,4.7,4.7,0,4.7,6.5,2.9,4.7,0,0,0,0.00 (0.00 %)
,,,,,,,,,,,,,,,
TL4,6.3,6.3,6.3,6.3,6.3,6.3,0,6.3,7.2,5.4,6.3,0,0,0,0.00 (0.00 %)
,,,,,,,,,,,,,,,
TLT,13.9,13.9,13.9,13.9,13.9,13.9,0,13.9,15.9,11.9,13.9,0,0,0,0.00 (0.00 %)
,,,,,,,,,,,,,,,
MRF,28.5,28.5,28.5,28.5,28.5,28.5,1,28.5,32.7,24.3,28.5,29000,0,0,0.00 (0.00 %)
,,,,,,,,,,,,,,,
MIE,5.8,5.8,5.8,5.8,5.8,5.8,0,5.8,6.6,5,5.8,0,0,0,0.00 (0.00 %)
,,,,,,,,,,,,,,,
MQB,9,9,9,9,9,9,0,9,12.6,5.4,9,0,0,0,0.00 (0.00 %)
,,,,,,,,,,,,,,,
DCH,10.1,10.1,10.1,10.1,10.1,10.1,0,10.1,14.1,6.1,10.1,0,0,0,0.00 (0.00 %)
,,,,,,,,,,,,,,,
DCR,6.1,6.1,6.1,6.1,6.1,6.1,0,6.1,7,5.2,6.1,0,0,0,0.00 (0.00 %)
,,,,,,,,,,,,,,,
DCS,0.5,0.5,0.5,0.5,0.5,0.5,0,0.5,0.6,0.4,0.5,0,0,0,0.00 (0.00 %)
,,,,,,,,,,,,,,,
DCT,0.7,0.7,0.7,0.7,0.7,0.7,0,0.7,0.8,0.6,0.7,0,0,0,0.00 (0.00 %)
,,,,,,,,,,,,,,,
DDH,16.5,16.5,16.5,16.5,16.5,16.5,0,16.5,23.1,9.9,16.5,0,0,0,0.00 (0.00 %)
,,,,,,,,,,,,,,,
DDM,1.3,1.3,1.3,1.3,1.3,1.3,0,1.3,1.4,1.2,1.3,0,0,0,0.00 (0.00 %)
,,,,,,,,,,,,,,,
DFC,19.5,19.5,19.5,19.5,19.5,19.5,100,19.5,22.4,16.6,19.5,1950000,0,0,0.00 (0.00 %)
,,,,,,,,,,,,,,,
DCG,18.7,18.7,18.7,18.7,18.7,18.7,0,18.7,21.5,15.9,18.7,0,0,0,0.00 (0.00 %)
,,,,,,,,,,,,,,,
DFF,10,10,10,10,10,10,0,10,11.5,8.5,10,0,0,0,0.00 (0.00 %)
,,,,,,,,,,,,,,,
DIC,1.1,1.1,1.1,1.1,1.1,1.1,0,1.1,1.2,1,1.1,0,0,0,0.00 (0.00 %)
,,,,,,,,,,,,,,,
DKC,1.8,1.8,1.8,1.8,1.8,1.8,0,1.8,2.5,1.1,1.8,0,0,0,0.00 (0.00 %)
,,,,,,,,,,,,,,,
DLD,6.4,6.4,6.4,6.4,6.4,6.4,0,6.4,8.9,3.9,6.4,0,0,0,0.00 (0.00 %)
,,,,,,,,,,,,,,,
DLR,11.9,11.9,11.9,11.9,11.9,11.9,0,11.9,13.6,10.2,11.9,0,0,0,0.00 (0.00 %)
,,,,,,,,,,,,,,,
DLT,8.6,8.6,8.6,8.6,8.6,8.6,0,8.6,9.8,7.4,8.6,0,0,0,0.00 (0.00 %)
,,,,,,,,,,,,,,,
DM7,20.7,20.7,20.7,20.7,20.7,20.7,0,20.7,23.8,17.6,20.7,0,0,0,0.00 (0.00 %)
,,,,,,,,,,,,,,,
DNA,24.1,24.1,24.1,24.1,24.1,24.1,0,24.1,27.7,20.5,24.1,0,0,0,0.00 (0.00 %)
,,,,,,,,,,,,,,,
DHN,21,21,21,21,21,21,2300,21,24.1,17.9,21,48300000,0,0,0.00 (0.00 %)
,,,,,,,,,,,,,,,
DCF,42.5,42.5,42.5,42.5,42.5,42.5,0,42.5,48.8,36.2,42.5,0,0,0,0.00 (0.00 %)
,,,,,,,,,,,,,,,
DAS,14.5,14.5,14.5,14.5,14.5,14.5,0,14.5,16.6,12.4,14.5,0,0,0,0.00 (0.00 %)
,,,,,,,,,,,,,,,
DAN,30.4,30.4,30.4,30.4,30.4,30.4,0,30.4,34.9,25.9,30.4,0,0,0,0.00 (0.00 %)
,,,,,,,,,,,,,,,
CLG,0.6,0.6,0.6,0.6,0.6,0.6,0,0.6,0.7,0.5,0.6,0,0,0,0.00 (0.00 %)
,,,,,,,,,,,,,,,
CMF,223,223,223,223,223,223,0,223,256.4,189.6,223,0,0,0,0.00 (0.00 %)
,,,,,,,,,,,,,,,
CMI,1.2,1.2,1.2,1.2,1.2,1.2,0,1.2,1.3,1.1,1.2,0,0,0,0.00 (0.00 %)
,,,,,,,,,,,,,,,
CMK,8.8,8.8,8.8,8.8,8.8,8.8,0,8.8,12.3,5.3,8.8,0,0,0,0.00 (0.00 %)
,,,,,,,,,,,,,,,
CMN,77.4,77.4,77.4,77.4,77.4,77.4,0,77.4,108.3,46.5,77.4,0,0,0,0.00 (0.00 %)
,,,,,,,,,,,,,,,
CMP,8.1,8.1,8.1,8.1,8.1,8.1,0,8.1,11.3,4.9,8.1,0,0,0,0.00 (0.00 %)
,,,,,,,,,,,,,,,
CNA,43.9,43.9,43.9,43.9,43.9,43.9,0,43.9,61.4,26.4,43.9,0,0,0,0.00 (0.00 %)
,,,,,,,,,,,,,,,
CNN,40,40,40,40,40,40,0,40,46,34,40,0,0,0,0.00 (0.00 %)
,,,,,,,,,,,,,,,
CNT,19,18.5,19,18.5,19,19,1550,19,21.8,16.2,19,28881400,0,0,0.00 (0.00 %)
,,,,,,,,,,,,,,,
CPA,6.1,6.1,6.1,6.1,6.1,6.1,100,6.1,7,5.2,6.1,610000,0,0,0.00 (0.00 %)
,,,,,,,,,,,,,,,
CPH,0.3,0.3,0.3,0.3,0.3,0.3,0,0.3,0.4,0.2,0.3,0,0,0,0.00 (0.00 %)
,,,,,,,,,,,,,,,
CPI,3.4,3.4,3.4,3.4,3.4,3.4,0,3.4,3.9,2.9,3.4,0,0,0,0.00 (0.00 %)
,,,,,,,,,,,,,,,
CT3,7.3,7.3,7.3,7.3,7.3,7.3,0,7.3,10.2,4.4,7.3,0,0,0,0.00 (0.00 %)
,,,,,,,,,,,,,,,
CTW,20.6,20.6,20.6,20.6,20.6,20.6,0,20.6,23.6,17.6,20.6,0,0,0,0.00 (0.00 %)
,,,,,,,,,,,,,,,
CYC,3.3,3.3,3.3,3.3,3.3,3.3,0,3.3,3.7,2.9,3.3,0,0,0,0.00 (0.00 %)
,,,,,,,,,,,,,,,
D17,50.2,50.2,50.2,50.2,50.2,50.2,0,50.2,57.7,42.7,50.2,0,0,0,0.00 (0.00 %)
,,,,,,,,,,,,,,,
DAC,7.4,7.4,7.4,7.4,7.4,7.4,0,7.4,10.3,4.5,7.4,0,0,0,0.00 (0.00 %)
,,,,,,,,,,,,,,,
DND,16,16,16,16,16,16,0,16,18.4,13.6,16,0,0,0,0.00 (0.00 %)
,,,,,,,,,,,,,,,
CKD,23.5,23.5,23.5,23.5,23.5,23.5,100,23.5,27,20,23.5,2350000,0,0,0.00 (0.00 %)
,,,,,,,,,,,,,,,
DNE,8.6,8.6,8.6,8.6,8.6,8.6,400,8.6,9.8,7.4,8.6,3440000,0,0,0.00 (0.00 %)
,,,,,,,,,,,,,,,
DNN,0.2,0.2,0.2,0.2,0.2,0.2,0,0.2,0.3,0.1,0.2,0,0,0,0.00 (0.00 %)
,,,,,,,,,,,,,,,
E29,6,6,6,6,6,6,0,6,6.9,5.1,6,0,0,0,0.00 (0.00 %)
,,,,,,,,,,,,,,,
EFI,1.7,1.7,1.7,1.7,1.7,1.7,0,1.7,1.9,1.5,1.7,0,0,0,0.00 (0.00 %)
,,,,,,,,,,,,,,,
EIN,3.4,3.5,3.5,3.3,3.4,3.4,21196,3.4,3.9,2.9,3.4,71525400,0,0,0.00 (0.00 %)
,,,,,,,,,,,,,,,
EME,27.3,27.3,27.3,27.3,27.3,27.3,0,27.3,31.3,23.3,27.3,0,0,0,0.00 (0.00 %)
,,,,,,,,,,,,,,,
EMG,17.9,17.9,17.9,17.9,17.9,17.9,0,17.9,25,10.8,17.9,0,0,0,0.00 (0.00 %)
,,,,,,,,,,,,,,,
EPC,8.5,8.5,8.5,8.5,8.5,8.5,0,8.5,9.7,7.3,8.5,0,0,0,0.00 (0.00 %)
,,,,,,,,,,,,,,,
EPH,13.9,13.9,13.9,13.9,13.9,13.9,300,13.9,15.9,11.9,13.9,4170000,0,0,0.00 (0.00 %)
,,,,,,,,,,,,,,,
E12,6.4,6.4,6.4,6.4,6.4,6.4,0,6.4,7.3,5.5,6.4,0,0,0,0.00 (0.00 %)
,,,,,,,,,,,,,,,
FBC,3.7,3.7,3.7,3.7,3.7,3.7,0,3.7,5.1,2.3,3.7,0,0,0,0.00 (0.00 %)
,,,,,,,,,,,,,,,
FCS,7.2,7.3,7.3,7.2,7.2,7.2,200,7.2,8.2,6.2,7.2,1450000,0,0,0.00 (0.00 %)
,,,,,,,,,,,,,,,
FGL,11,11,11,11,11,11,0,11,12.6,9.4,11,0,0,0,0.00 (0.00 %)
,,,,,,,,,,,,,,,
FHN,14.4,14.4,14.4,14.4,14.4,14.4,0,14.4,20.1,8.7,14.4,0,0,0,0.00 (0.00 %)
,,,,,,,,,,,,,,,
FRM,2.9,2.9,2.9,2.9,2.9,2.9,0,2.9,3.3,2.5,2.9,0,0,0,0.00 (0.00 %)
,,,,,,,,,,,,,,,
FSO,11,11,11,11,11,11,0,11,15.4,6.6,11,0,0,0,0.00 (0.00 %)
,,,,,,,,,,,,,,,
FT1,42,42,42,42,42,42,1000,42,48.3,35.7,42,42000000,0,0,0.00 (0.00 %)
,,,,,,,,,,,,,,,
FTI,3.7,3.7,3.7,3.7,3.7,3.7,0,3.7,5.1,2.3,3.7,0,0,0,0.00 (0.00 %)
,,,,,,,,,,,,,,,
FCC,10,10,10,10,10,10,0,10,14,6,10,0,0,0,0.00 (0.00 %)
,,,,,,,,,,,,,,,
DXL,8.2,8.2,8.2,8.2,8.2,8.2,0,8.2,9.4,7,8.2,0,0,0,0.00 (0.00 %)
,,,,,,,,,,,,,,,
DWS,12.5,12.5,12.5,12.5,12.5,12.5,0,12.5,14.3,10.7,12.5,0,0,0,0.00 (0.00 %)
,,,,,,,,,,,,,,,
DVW,20,20,20,20,20,20,0,20,28,12,20,0,0,0,0.00 (0.00 %)
,,,,,,,,,,,,,,,
DNT,33.9,33.9,33.9,33.9,33.9,33.9,0,33.9,38.9,28.9,33.9,0,0,0,0.00 (0.00 %)
,,,,,,,,,,,,,,,
DOC,8.5,8.5,8.5,8.5,8.5,8.5,0,8.5,9.7,7.3,8.5,0,0,0,0.00 (0.00 %)
,,,,,,,,,,,,,,,
DOP,14.9,14.9,14.9,14.9,14.9,14.9,0,14.9,17.1,12.7,14.9,0,0,0,0.00 (0.00 %)
,,,,,,,,,,,,,,,
DP2,4.8,4.8,4.8,4.8,4.8,4.8,0,4.8,5.5,4.1,4.8,0,0,0,0.00 (0.00 %)
,,,,,,,,,,,,,,,
DPH,34.8,34.8,34.8,34.8,34.8,34.8,0,34.8,40,29.6,34.8,0,0,0,0.00 (0.00 %)
,,,,,,,,,,,,,,,
DPP,22.7,22.7,22.7,22.7,22.7,22.7,0,22.7,26.1,19.3,22.7,0,0,0,0.00 (0.00 %)
,,,,,,,,,,,,,,,
DPS,0.4,0.4,0.4,0.4,0.4,0.4,0,0.4,0.5,0.3,0.4,0,0,0,0.00 (0.00 %)
,,,,,,,,,,,,,,,
DSD,20,20,20,20,20,20,0,20,23,17,20,0,57300,1146000000,0.00 (0.00 %)
,,,,,,,,,,,,,,,
DSP,11,11,11,11,11,11,0,11,12.6,9.4,11,0,0,0,0.00 (0.00 %)
,,,,,,,,,,,,,,,
DSV,7.9,7.9,7.9,7.9,7.9,7.9,0,7.9,11,4.8,7.9,0,0,0,0.00 (0.00 %)
,,,,,,,,,,,,,,,
DTB,11.5,11.5,11.5,11.5,11.5,11.5,0,11.5,13.2,9.8,11.5,0,0,0,0.00 (0.00 %)
,,,,,,,,,,,,,,,
DTE,3.5,3.5,3.5,3.5,3.5,3.5,0,3.5,4,3,3.5,0,0,0,0.00 (0.00 %)
,,,,,,,,,,,,,,,
DTH,15.6,15.6,15.6,15.6,15.6,15.6,0,15.6,17.9,13.3,15.6,0,0,0,0.00 (0.00 %)
,,,,,,,,,,,,,,,
DTP,125.5,125.5,125.5,125.5,125.5,125.5,0,125.5,144.3,106.7,125.5,0,0,0,0.00 (0.00 %)
,,,,,,,,,,,,,,,
DTV,37.5,37.5,37.5,37.5,37.5,37.5,0,37.5,43.1,31.9,37.5,0,0,0,0.00 (0.00 %)
,,,,,,,,,,,,,,,
DUS,13,13,13,13,13,13,0,13,18.2,7.8,13,0,0,0,0.00 (0.00 %)
,,,,,,,,,,,,,,,
DVC,10,10,10,10,10,10,0,10,11.5,8.5,10,0,0,0,0.00 (0.00 %)
,,,,,,,,,,,,,,,
DNL,28.1,28.1,28.1,28.1,28.1,28.1,0,28.1,32.3,23.9,28.1,0,0,0,0.00 (0.00 %)
,,,,,,,,,,,,,,,
FTM,0.6,0.6,0.6,0.6,0.6,0.6,0,0.6,0.7,0.5,0.6,0,0,0,0.00 (0.00 %)
,,,,,,,,,,,,,,,
CKA,56.1,56.1,56.1,56.1,56.1,56.1,6,56.1,64.5,47.7,56.1,360000,0,0,0.00 (0.00 %)
,,,,,,,,,,,,,,,
CI5,10,10,10,10,10,10,0,10,11.5,8.5,10,0,0,0,0.00 (0.00 %)
,,,,,,,,,,,,,,,
BCV,21.5,21.5,21.5,21.5,21.5,21.5,0,21.5,30.1,12.9,21.5,0,0,0,0.00 (0.00 %)
,,,,,,,,,,,,,,,
BDG,30.9,30.9,30.9,30.9,30.9,30.9,300,30.9,35.5,26.3,30.9,9270000,0,0,0.00 (0.00 %)
,,,,,,,,,,,,,,,
BDW,21.3,21.3,21.3,21.3,21.3,21.3,0,21.3,24.4,18.2,21.3,0,0,0,0.00 (0.00 %)
,,,,,,,,,,,,,,,
BEL,14.7,14.7,14.7,14.7,14.7,14.7,0,14.7,16.9,12.5,14.7,0,0,0,0.00 (0.00 %)
,,,,,,,,,,,,,,,
BGW,16,16,16,16,16,16,0,16,18.4,13.6,16,0,0,0,0.00 (0.00 %)
,,,,,,,,,,,,,,,
BHA,17.1,17.1,17.1,17.1,17.1,17.1,0,17.1,19.6,14.6,17.1,0,0,0,0.00 (0.00 %)
,,,,,,,,,,,,,,,
BHC,1.9,1.9,1.9,1.9,1.9,1.9,0,1.9,2.1,1.7,1.9,0,0,0,0.00 (0.00 %)
,,,,,,,,,,,,,,,
BCR,4.9,4.9,5,4.8,4.9,4.9,201984,4.9,5.6,4.2,4.9,989932800,0,0,0.00 (0.00 %)
,,,,,,,,,,,,,,,
BHG,11,11,11,11,11,11,0,11,12.6,9.4,11,0,0,0,0.00 (0.00 %)
,,,,,,,,,,,,,,,
BHP,6.7,6.7,6.7,6.7,6.7,6.7,9900,6.7,7.7,5.7,6.7,66330000,0,0,0.00 (0.00 %)
,,,,,,,,,,,,,,,
BII,0.7,0.7,0.7,0.7,0.7,0.7,0,0.7,0.8,0.6,0.7,0,0,0,0.00 (0.00 %)
,,,,,,,,,,,,,,,
BIO,16.2,16.2,16.2,16.2,16.2,16.2,0,16.2,18.6,13.8,16.2,0,0,0,0.00 (0.00 %)
,,,,,,,,,,,,,,,
BLN,7.2,7.2,7.2,7.2,7.2,7.2,0,7.2,10,4.4,7.2,0,0,0,0.00 (0.00 %)
,,,,,,,,,,,,,,,
BMD,14.7,14.7,14.7,14.7,14.7,14.7,0,14.7,16.9,12.5,14.7,0,0,0,0.00 (0.00 %)
,,,,,,,,,,,,,,,
BMG,17.9,17.9,17.9,17.9,17.9,17.9,0,17.9,25,10.8,17.9,0,0,0,0.00 (0.00 %)
,,,,,,,,,,,,,,,
BMJ,11,11,11,11,11,11,0,11,12.6,9.4,11,0,0,0,0.00 (0.00 %)
,,,,,,,,,,,,,,,
BHK,19.5,19.5,19.5,19.5,19.5,19.5,0,19.5,22.4,16.6,19.5,0,2750,45650000,0.00 (0.00 %)
,,,,,,,,,,,,,,,
BCP,10,10,10,10,10,10,0,10,11.5,8.5,10,0,0,0,0.00 (0.00 %)
,,,,,,,,,,,,,,,
BCB,0.5,0.5,0.5,0.5,0.5,0.5,0,0.5,0.7,0.3,0.5,0,0,0,0.00 (0.00 %)
,,,,,,,,,,,,,,,
BCA,19,19,19.8,18.5,19,19,95339,19,21.8,16.2,19,1825610100,0,0,0.00 (0.00 %)
,,,,,,,,,,,,,,,
ACE,35.8,36,36,35.1,35.8,35.8,940,35.8,41.1,30.5,35.8,33230000,0,0,0.00 (0.00 %)
,,,,,,,,,,,,,,,
ACM,0.6,0.6,0.6,0.6,0.6,0.6,0,0.6,0.7,0.5,0.6,0,0,0,0.00 (0.00 %)
,,,,,,,,,,,,,,,
ACS,7.9,7.9,7.9,7.9,7.9,7.9,0,7.9,9,6.8,7.9,0,0,0,0.00 (0.00 %)
,,,,,,,,,,,,,,,
AFX,8.2,8.2,8.2,8.1,8.2,8.2,10610,8.2,9.4,7,8.2,86502000,0,0,0.00 (0.00 %)
,,,,,,,,,,,,,,,
AGF,2.7,2.7,2.7,2.7,2.7,2.7,0,2.7,3.1,2.3,2.7,0,0,0,0.00 (0.00 %)
,,,,,,,,,,,,,,,
AGX,48,48,48,48,48,48,800,48,55.2,40.8,48,38400000,0,0,0.00 (0.00 %)
,,,,,,,,,,,,,,,
ALV,5,5,5,5,5,5,5300,5,5.7,4.3,5,26500000,0,0,0.00 (0.00 %)
,,,,,,,,,,,,,,,
AMP,25.8,25.8,25.8,25.8,25.8,25.8,0,25.8,29.6,22,25.8,0,0,0,0.00 (0.00 %)
,,,,,,,,,,,,,,,
APL,18.6,18.6,18.6,18.6,18.6,18.6,0,18.6,21.3,15.9,18.6,0,0,0,0.00 (0.00 %)
,,,,,,,,,,,,,,,
APP,5,5,5,5,5,5,20001,5,5.7,4.3,5,100005000,0,0,0.00 (0.00 %)
,,,,,,,,,,,,,,,
APT,3.4,3.4,3.4,3.4,3.4,3.4,0,3.4,3.9,2.9,3.4,0,0,0,0.00 (0.00 %)
,,,,,,,,,,,,,,,
ATA,0.8,0.8,0.8,0.8,0.8,0.8,0,0.8,0.9,0.7,0.8,0,0,0,0.00 (0.00 %)
,,,,,,,,,,,,,,,
ATB,0.5,0.5,0.5,0.5,0.5,0.5,0,0.5,0.6,0.4,0.5,0,0,0,0.00 (0.00 %)
,,,,,,,,,,,,,,,
ATG,5.9,5.9,5.9,5.9,5.9,5.9,0,5.9,6.7,5.1,5.9,0,0,0,0.00 (0.00 %)
,,,,,,,,,,,,,,,
BAL,8.5,8.5,8.5,8.5,8.5,8.5,0,8.5,9.7,7.3,8.5,0,0,0,0.00 (0.00 %)
,,,,,,,,,,,,,,,
BBH,11.4,11.4,11.4,11.4,11.4,11.4,0,11.4,13.1,9.7,11.4,0,0,0,0.00 (0.00 %)
,,,,,,,,,,,,,,,
BBM,11.4,11.4,11.4,11.4,11.4,11.4,0,11.4,13.1,9.7,11.4,0,0,0,0.00 (0.00 %)
,,,,,,,,,,,,,,,
BMN,8.5,8.5,8.5,8.5,8.5,8.5,0,8.5,9.7,7.3,8.5,0,0,0,0.00 (0.00 %)
,,,,,,,,,,,,,,,
CK8,3.6,3.6,3.6,3.6,3.6,3.6,0,3.6,4.1,3.1,3.6,0,0,0,0.00 (0.00 %)
,,,,,,,,,,,,,,,
BMV,8.5,8.5,8.5,8.5,8.5,8.5,0,8.5,9.7,7.3,8.5,0,0,0,0.00 (0.00 %)
,,,,,,,,,,,,,,,
BRS,20,20,20,20,20,20,0,20,23,17,20,0,0,0,0.00 (0.00 %)
,,,,,,,,,,,,,,,
CBI,8,8,8,8,8,8,1600,8,9.2,6.8,8,12800000,0,0,0.00 (0.00 %)
,,,,,,,,,,,,,,,
CC4,12.8,12.8,12.8,12.8,12.8,12.8,0,12.8,14.7,10.9,12.8,0,0,0,0.00 (0.00 %)
,,,,,,,,,,,,,,,
CCA,16.3,16.3,16.3,16.3,16.3,16.3,0,16.3,18.7,13.9,16.3,0,0,0,0.00 (0.00 %)
,,,,,,,,,,,,,,,
CCM,38.5,38.5,38.5,38.5,38.5,38.5,0,38.5,44.2,32.8,38.5,0,0,0,0.00 (0.00 %)
,,,,,,,,,,,,,,,
CCP,23.6,23.6,23.6,23.6,23.6,23.6,0,23.6,27.1,20.1,23.6,0,0,0,0.00 (0.00 %)
,,,,,,,,,,,,,,,
CCV,35.1,35.1,35.1,35.1,35.1,35.1,0,35.1,40.3,29.9,35.1,0,0,0,0.00 (0.00 %)
,,,,,,,,,,,,,,,
CDG,2.5,2.5,2.5,2.5,2.5,2.5,0,2.5,3.5,1.5,2.5,0,0,0,0.00 (0.00 %)
,,,,,,,,,,,,,,,
CAT,17.8,17.9,17.9,17.8,17.8,17.8,11800,17.8,20.4,15.2,17.8,210140000,0,0,0.00 (0.00 %)
,,,,,,,,,,,,,,,
CDH,2.1,2.1,2.1,2.1,2.1,2.1,0,2.1,2.9,1.3,2.1,0,0,0,0.00 (0.00 %)
,,,,,,,,,,,,,,,
CE1,11.3,11.3,11.3,11.3,11.3,11.3,0,11.3,12.9,9.7,11.3,0,0,0,0.00 (0.00 %)
,,,,,,,,,,,,,,,
CEG,10,10,10,10,10,10,0,10,11.5,8.5,10,0,0,0,0.00 (0.00 %)
,,,,,,,,,,,,,,,
CEN,2.5,2.5,2.5,2.5,2.5,2.5,0,2.5,2.8,2.2,2.5,0,0,0,0.00 (0.00 %)
,,,,,,,,,,,,,,,
CFM,10.6,10.6,10.6,10.6,10.6,10.6,0,10.6,12.1,9.1,10.6,0,0,0,0.00 (0.00 %)
,,,,,,,,,,,,,,,
CH5,13.5,13.5,13.5,13.5,13.5,13.5,0,13.5,18.9,8.1,13.5,0,0,0,0.00 (0.00 %)
,,,,,,,,,,,,,,,
CHC,3.6,3.6,3.6,3.6,3.6,3.6,0,3.6,5,2.2,3.6,0,0,0,0.00 (0.00 %)
,,,,,,,,,,,,,,,
CHS,9.9,9.9,9.9,9.9,9.9,9.9,0,9.9,11.3,8.5,9.9,0,0,0,0.00 (0.00 %)
,,,,,,,,,,,,,,,
CDO,1.3,1.3,1.3,1.3,1.3,1.3,0,1.3,1.4,1.2,1.3,0,0,0,0.00 (0.00 %)
,,,,,,,,,,,,,,,
CAD,0.6,0.6,0.6,0.6,0.6,0.6,0,0.6,0.7,0.5,0.6,0,0,0,0.00 (0.00 %)
,,,,,,,,,,,,,,,
C4G,9.7,9.8,9.8,9.6,9.7,9.7,309989,9.7,11.1,8.3,9.7,2995386900,0,0,0.00 (0.00 %)
,,,,,,,,,,,,,,,
C22,17,17,17,17,17,17,0,17,19.5,14.5,17,0,0,0,0.00 (0.00 %)
,,,,,,,,,,,,,,,
BSA,22.4,22.4,22.4,22.4,22.4,22.4,2019,22.4,25.7,19.1,22.4,45208500,0,0,0.00 (0.00 %)
,,,,,,,,,,,,,,,
BSD,8.5,8.5,8.5,8.5,8.5,8.5,0,8.5,9.7,7.3,8.5,0,0,0,0.00 (0.00 %)
,,,,,,,,,,,,,,,
BSH,19.2,19.2,19.2,19.2,19.2,19.2,0,19.2,22,16.4,19.2,0,0,0,0.00 (0.00 %)
,,,,,,,,,,,,,,,
BSL,9.9,9.9,9.9,9.9,9.9,9.9,0,9.9,11.3,8.5,9.9,0,0,0,0.00 (0.00 %)
,,,,,,,,,,,,,,,
BSP,10.5,10.5,10.5,10.5,10.5,10.5,0,10.5,12,9,10.5,0,0,0,0.00 (0.00 %)
,,,,,,,,,,,,,,,
BSR,18.2,18.4,18.4,17.9,18.2,18.2,4492681,18.2,20.9,15.5,18.2,81296719200,0,0,0.00 (0.00 %)
,,,,,,,,,,,,,,,
BT1,12.8,12.8,12.8,12.8,12.8,12.8,0,12.8,14.7,10.9,12.8,0,0,0,0.00 (0.00 %)
,,,,,,,,,,,,,,,
BTG,10.5,10.5,10.5,10.5,10.5,10.5,0,10.5,12,9,10.5,0,0,0,0.00 (0.00 %)
,,,,,,,,,,,,,,,
BTH,26,26,26,26,26,26,0,26,29.9,22.1,26,0,0,0,0.00 (0.00 %)
,,,,,,,,,,,,,,,
BTN,2.7,2.7,2.7,2.7,2.7,2.7,37302,2.7,3.1,2.3,2.7,100715200,0,0,0.00 (0.00 %)
,,,,,,,,,,,,,,,
BTU,16,16,16,16,16,16,0,16,18.4,13.6,16,0,0,0,0.00 (0.00 %)
,,,,,,,,,,,,,,,
BTV,10.1,10.1,10.1,10.1,10.1,10.1,0,10.1,11.6,8.6,10.1,0,0,0,0.00 (0.00 %)
,,,,,,,,,,,,,,,
BVG,1.6,1.6,1.6,1.6,1.6,1.6,0,1.6,1.8,1.4,1.6,0,0,0,0.00 (0.00 %)
,,,,,,,,,,,,,,,
BVL,11.6,11.6,11.6,11.6,11.6,11.6,0,11.6,13.3,9.9,11.6,0,0,0,0.00 (0.00 %)
,,,,,,,,,,,,,,,
BVN,12.2,12.2,12.2,12.2,12.2,12.2,0,12.2,14,10.4,12.2,0,0,0,0.00 (0.00 %)
,,,,,,,,,,,,,,,
BWA,6.7,6.7,6.7,6.7,6.7,6.7,0,6.7,7.7,5.7,6.7,0,0,0,0.00 (0.00 %)
,,,,,,,,,,,,,,,
BWS,32,32,32,32,32,32,0,32,36.8,27.2,32,0,0,0,0.00 (0.00 %)
,,,,,,,,,,,,,,,
BNW,9.5,9.5,9.5,9.5,9.5,9.5,0,9.5,13.3,5.7,9.5,0,0,0,0.00 (0.00 %)
,,,,,,,,,,,,,,,
G20,0.5,0.5,0.5,0.5,0.5,0.5,0,0.5,0.6,0.4,0.5,0,0,0,0.00 (0.00 %)
,,,,,,,,,,,,,,,
DVN,18.3,18.4,18.4,18.2,18.3,18.3,17508,18.3,21,15.6,18.3,319866400,0,0,0.00 (0.00 %)
,,,,,,,,,,,,,,,
GCF,15.4,15.4,15.4,15.4,15.4,15.4,0,15.4,17.7,13.1,15.4,0,0,0,0.00 (0.00 %)
,,,,,,,,,,,,,,,
IHK,14.5,14.5,14.5,14.5,14.5,14.5,0,14.5,16.6,12.4,14.5,0,0,0,0.00 (0.00 %)
,,,,,,,,,,,,,,,
ILC,5.6,5.6,5.6,5.6,5.6,5.6,0,5.6,6.4,4.8,5.6,0,0,0,0.00 (0.00 %)
,,,,,,,,,,,,,,,
IME,141,141,141,141,141,141,0,141,197.4,84.6,141,0,0,0,0.00 (0.00 %)
,,,,,,,,,,,,,,,
IN4,56.6,56.6,56.6,56.6,56.6,56.6,0,56.6,65,48.2,56.6,0,0,0,0.00 (0.00 %)
,,,,,,,,,,,,,,,
IRC,7.9,7.9,7.9,7.9,7.9,7.9,0,7.9,11,4.8,7.9,0,0,0,0.00 (0.00 %)
,,,,,,,,,,,,,,,
ISG,5.1,5.1,5.1,5.1,5.1,5.1,0,5.1,5.8,4.4,5.1,0,0,0,0.00 (0.00 %)
,,,,,,,,,,,,,,,
ISH,23.3,23.3,23.3,23.3,23.3,23.3,0,23.3,26.7,19.9,23.3,0,0,0,0.00 (0.00 %)
,,,,,,,,,,,,,,,
IDP,245,245,245,245,245,245,0,245,281.7,208.3,245,0,0,0,0.00 (0.00 %)
,,,,,,,,,,,,,,,
ITS,3.7,3.7,3.7,3.7,3.7,3.7,200,3.7,4.2,3.2,3.7,740000,0,0,0.00 (0.00 %)
,,,,,,,,,,,,,,,
KCE,10,10,10,10,10,10,0,10,11.5,8.5,10,0,0,0,0.00 (0.00 %)
,,,,,,,,,,,,,,,
KHD,7.8,7.8,7.8,7.8,7.8,7.8,0,7.8,8.9,6.7,7.8,0,0,0,0.00 (0.00 %)
,,,,,,,,,,,,,,,
KHW,22.9,22.9,22.9,22.9,22.9,22.9,0,22.9,32,13.8,22.9,0,0,0,0.00 (0.00 %)
,,,,,,,,,,,,,,,
KIP,11.7,11.7,11.7,11.7,11.7,11.7,0,11.7,13.4,10,11.7,0,0,0,0.00 (0.00 %)
,,,,,,,,,,,,,,,
KLM,9.2,9.2,9.2,9.2,9.2,9.2,0,9.2,12.8,5.6,9.2,0,0,0,0.00 (0.00 %)
,,,,,,,,,,,,,,,
KSH,0.5,0.5,0.5,0.5,0.5,0.5,0,0.5,0.6,0.4,0.5,0,0,0,0.00 (0.00 %)
,,,,,,,,,,,,,,,
KTC,8.6,8.6,8.6,8.6,8.6,8.6,0,8.6,9.8,7.4,8.6,0,0,0,0.00 (0.00 %)
,,,,,,,,,,,,,,,
JOS,1.1,1.1,1.1,1.1,1.1,1.1,0,1.1,1.2,1,1.1,0,0,0,0.00 (0.00 %)
,,,,,,,,,,,,,,,
ICN,40.9,40.9,40.9,40.9,40.9,40.9,200,40.9,47,34.8,40.9,8180000,0,0,0.00 (0.00 %)
,,,,,,,,,,,,,,,
ICI,6,6,6,6,6,6,0,6,6.9,5.1,6,0,0,0,0.00 (0.00 %)
,,,,,,,,,,,,,,,
ICC,31,31,31,31,31,31,0,31,35.6,26.4,31,0,0,0,0.00 (0.00 %)
,,,,,,,,,,,,,,,
HPB,16.5,16.5,16.5,16.5,16.5,16.0001,0,16.0001,18.9,14.1,16.0001,0,0,0,-0.50 (-3.03 %)
,,,,,,,,,,,,,,,
HPD,25.7,25.7,25.7,25.7,25.7,25.7,0,25.7,29.5,21.9,25.7,0,0,0,0.00 (0.00 %)
,,,,,,,,,,,,,,,
HPH,17,17,17,17,17,17,0,17,19.5,14.5,17,0,0,0,0.00 (0.00 %)
,,,,,,,,,,,,,,,
HPI,17.2,17.2,17.2,17.2,17.2,17.2,0,17.2,19.7,14.7,17.2,0,0,0,0.00 (0.00 %)
,,,,,,,,,,,,,,,
HPM,10.2,10.2,10.2,10.2,10.2,10.2,0,10.2,11.7,8.7,10.2,0,0,0,0.00 (0.00 %)
,,,,,,,,,,,,,,,
HPT,15.7,15.7,15.7,15.7,15.7,15.7,12,15.7,18,13.4,15.7,179800,0,0,0.00 (0.00 %)
,,,,,,,,,,,,,,,
HRB,64.6,64.6,64.6,64.6,64.6,64.6,0,64.6,90.4,38.8,64.6,0,0,0,0.00 (0.00 %)
,,,,,,,,,,,,,,,
HSA,33,33,33,33,33,33,0,33,37.9,28.1,33,0,0,0,0.00 (0.00 %)
,,,,,,,,,,,,,,,
HSI,1.3,1.3,1.3,1.3,1.3,1.3,0,1.3,1.4,1.2,1.3,0,0,0,0.00 (0.00 %)
,,,,,,,,,,,,,,,
HSM,6.6,6.6,6.6,6.6,6.6,6.6,0,6.6,7.5,5.7,6.6,0,0,0,0.00 (0.00 %)
,,,,,,,,,,,,,,,
HSP,13.5,13.5,13.5,13.5,13.5,13.5,0,13.5,15.5,11.5,13.5,0,0,0,0.00 (0.00 %)
,,,,,,,,,,,,,,,
HTT,1.6,1.6,1.6,1.6,1.6,1.6,0,1.6,1.8,1.4,1.6,0,0,0,0.00 (0.00 %)
,,,,,,,,,,,,,,,
HU6,6,6,6,6,6,6,0,6,6.9,5.1,6,0,0,0,0.00 (0.00 %)
,,,,,,,,,,,,,,,
HUG,36.4,36.4,36.4,36.4,36.4,36.4,0,36.4,41.8,31,36.4,0,1033818,32048358000,0.00 (0.00 %)
,,,,,,,,,,,,,,,
HVA,6.3,6.3,6.3,6.3,6.3,6.3,0,6.3,7.2,5.4,6.3,0,0,0,0.00 (0.00 %)
,,,,,,,,,,,,,,,
GCB,18,18,18,18,18,18,0,18,25.2,10.8,18,0,0,0,0.00 (0.00 %)
,,,,,,,,,,,,,,,
IBD,9.6,9.6,9.6,9.6,9.6,9.6,0,9.6,13.4,5.8,9.6,0,0,0,0.00 (0.00 %)
,,,,,,,,,,,,,,,
KTL,23.8,23.8,23.8,23.8,23.8,23.8,0,23.8,27.3,20.3,23.8,0,0,0,0.00 (0.00 %)
,,,,,,,,,,,,,,,
KTW,10.9,10.9,10.9,10.9,10.9,10.6144,0,10.6144,15.2,6.6,10.6144,0,0,0,-0.29 (-2.62 %)
,,,,,,,,,,,,,,,
KVC,2,2,2,1.9,2,2,45833,2,2.3,1.7,2,88286300,0,0,0.00 (0.00 %)
,,,,,,,,,,,,,,,
L35,4.2,4.2,4.2,4.2,4.2,4.2,0,4.2,4.8,3.6,4.2,0,0,0,0.00 (0.00 %)
,,,,,,,,,,,,,,,
MBN,7.9,7.9,7.9,7.9,7.9,7.9,0,7.9,11,4.8,7.9,0,0,0,0.00 (0.00 %)
,,,,,,,,,,,,,,,
MCG,2.5,2.5,2.6,2.5,2.5,2.5,58327,2.5,2.8,2.2,2.5,147680200,0,0,0.00 (0.00 %)
,,,,,,,,,,,,,,,
MCM,37.8,38.5,38.5,37.6,37.8,37.8,10950,37.8,43.4,32.2,37.8,414118200,0,0,0.00 (0.00 %)
,,,,,,,,,,,,,,,
MDA,9,9,9,9,9,9,0,9,12.6,5.4,9,0,0,0,0.00 (0.00 %)
,,,,,,,,,,,,,,,
MDF,8,8,8,8,8,8,500,8,9.2,6.8,8,4000000,0,0,0.00 (0.00 %)
,,,,,,,,,,,,,,,
MEC,4.6,4.6,4.6,4.6,4.6,4.6,0,4.6,5.2,4,4.6,0,0,0,0.00 (0.00 %)
,,,,,,,,,,,,,,,
MEF,3,3,3,3,3,3,0,3,4.2,1.8,3,0,0,0,0.00 (0.00 %)
,,,,,,,,,,,,,,,
MES,10,10,10,10,10,10,0,10,14,6,10,0,0,0,0.00 (0.00 %)
,,,,,,,,,,,,,,,
MH3,34.5,34.5,34.5,34.5,34.5,34.5,200,34.5,39.6,29.4,34.5,6900000,0,0,0.00 (0.00 %)
,,,,,,,,,,,,,,,
MIC,15,15,15,15,15,15,0,15,17.2,12.8,15,0,0,0,0.00 (0.00 %)
,,,,,,,,,,,,,,,
YBC,6.9,6.9,6.9,6.9,6.9,6.9,0,6.9,7.9,5.9,6.9,0,0,0,0.00 (0.00 %)
,,,,,,,,,,,,,,,
MKP,30,30,30,30,30,30,3200,30,34.5,25.5,30,96000000,0,0,0.00 (0.00 %)
,,,,,,,,,,,,,,,
MLC,17,17,17,17,17,17,0,17,19.5,14.5,17,0,0,0,0.00 (0.00 %)
,,,,,,,,,,,,,,,
MNB,23.9,23.9,23.9,23.9,23.9,23.9,0,23.9,27.4,20.4,23.9,0,0,0,0.00 (0.00 %)
,,,,,,,,,,,,,,,
MND,10.7,10.7,10.7,10.7,10.7,10.7,0,10.7,12.3,9.1,10.7,0,0,0,0.00 (0.00 %)
,,,,,,,,,,,,,,,
MPT,0.5,0.5,0.5,0.5,0.5,0.5,0,0.5,0.6,0.4,0.5,0,0,0,0.00 (0.00 %)
,,,,,,,,,,,,,,,
MPY,8,8,8,8,8,8,0,8,11.2,4.8,8,0,0,0,0.00 (0.00 %)
,,,,,,,,,,,,,,,
MA1,16,16,16,16,16,16,0,16,22.4,9.6,16,0,0,0,0.00 (0.00 %)
,,,,,,,,,,,,,,,
HOT,13.9,13.9,13.9,13.9,13.9,13.9,10,13.9,15.9,11.9,13.9,159000,0,0,0.00 (0.00 %)
,,,,,,,,,,,,,,,
M10,20.6,20,20.6,20,20.6,20.6,2007,20.6,23.6,17.6,20.6,41209900,0,0,0.00 (0.00 %)
,,,,,,,,,,,,,,,
LQN,2.5,2.5,2.5,2.5,2.5,2.5,0,2.5,2.8,2.2,2.5,0,0,0,0.00 (0.00 %)
,,,,,,,,,,,,,,,
L44,0.5,0.5,0.5,0.5,0.5,0.5,0,0.5,0.6,0.4,0.5,0,0,0,0.00 (0.00 %)
,,,,,,,,,,,,,,,
L45,2.7,2.7,2.7,2.7,2.7,2.7,102,2.7,3.1,2.3,2.7,276200,0,0,0.00 (0.00 %)
,,,,,,,,,,,,,,,
L63,6.1,6.1,6.1,6.1,6.1,6.1,0,6.1,7,5.2,6.1,0,0,0,0.00 (0.00 %)
,,,,,,,,,,,,,,,
LAW,17,17,17,17,17,17,0,17,19.5,14.5,17,0,0,0,0.00 (0.00 %)
,,,,,,,,,,,,,,,
LCC,4,4,4,4,4,4,0,4,4.6,3.4,4,0,0,0,0.00 (0.00 %)
,,,,,,,,,,,,,,,
LCM,2.5,2.5,2.6,2.4,2.5,2.5,150108,2.5,2.8,2.2,2.5,368468800,0,0,0.00 (0.00 %)
,,,,,,,,,,,,,,,
LCS,0.8,0.8,0.8,0.8,0.8,0.8,0,0.8,0.9,0.7,0.8,0,0,0,0.00 (0.00 %)
,,,,,,,,,,,,,,,
LG9,6.5,6.5,6.5,6.5,6.5,6.5,0,6.5,7.4,5.6,6.5,0,0,0,0.00 (0.00 %)
,,,,,,,,,,,,,,,
LGM,13.8,13.8,13.8,13.8,13.8,13.8,0,13.8,15.8,11.8,13.8,0,0,0,0.00 (0.00 %)
,,,,,,,,,,,,,,,
LLM,9.9,9.9,9.9,9.9,9.9,9.9,0,9.9,11.3,8.5,9.9,0,0,0,0.00 (0.00 %)
,,,,,,,,,,,,,,,
LM3,3.3,3.3,3.3,3.3,3.3,3.3,0,3.3,3.7,2.9,3.3,0,0,0,0.00 (0.00 %)
,,,,,,,,,,,,,,,
LM7,2.2,2.2,2.2,2.2,2.2,2.2,0,2.2,2.5,1.9,2.2,0,0,0,0.00 (0.00 %)
,,,,,,,,,,,,,,,
LMC,14.9,14.9,14.9,14.9,14.9,14.9,0,14.9,17.1,12.7,14.9,0,0,0,0.00 (0.00 %)
,,,,,,,,,,,,,,,
LMH,1.3,1.3,1.3,1.3,1.3,1.3,0,1.3,1.4,1.2,1.3,0,0,0,0.00 (0.00 %)
,,,,,,,,,,,,,,,
LMI,11.2,11.2,11.2,11.2,11.2,11.2,0,11.2,12.8,9.6,11.2,0,0,0,0.00 (0.00 %)
,,,,,,,,,,,,,,,
LNC,10,10,10,10,10,10,0,10,14,6,10,0,0,0,0.00 (0.00 %)
,,,,,,,,,,,,,,,
LO5,0.7,0.7,0.7,0.7,0.7,0.7,0,0.7,0.8,0.6,0.7,0,0,0,0.00 (0.00 %)
,,,,,,,,,,,,,,,
LTC,3.7,3.7,3.7,3.7,3.7,3.7,0,3.7,4.2,3.2,3.7,0,0,0,0.00 (0.00 %)
,,,,,,,,,,,,,,,
HNR,12,12,12,12,12,12,0,12,16.8,7.2,12,0,0,0,0.00 (0.00 %)
,,,,,,,,,,,,,,,
HWS,15.9,15.9,15.9,15.9,15.9,15.9,1800,15.9,18.2,13.6,15.9,28620000,0,0,0.00 (0.00 %)
,,,,,,,,,,,,,,,
YTC,51,51,51,51,51,51,0,51,58.6,43.4,51,0,0,0,0.00 (0.00 %)
,,,,,,,,,,,,,,,
HAF,23,23,23,23,23,23,0,23,26.4,19.6,23,0,0,0,0.00 (0.00 %)
,,,,,,,,,,,,,,,
HEC,56,56,56,56,56,56,0,56,64.4,47.6,56,0,0,0,0.00 (0.00 %)
,,,,,,,,,,,,,,,
HAV,4.7,4.7,4.7,4.7,4.7,4.7,1,4.7,5.4,4,4.7,4700,0,0,0.00 (0.00 %)
,,,,,,,,,,,,,,,
HBD,16.1,16.1,16.1,16.1,16.1,16.1,0,16.1,18.5,13.7,16.1,0,0,0,0.00 (0.00 %)
,,,,,,,,,,,,,,,
HBH,6,6,6,6,6,6,0,6,6.9,5.1,6,0,0,0,0.00 (0.00 %)
,,,,,,,,,,,,,,,
HKB,0.6,0.6,0.6,0.6,0.6,0.6,0,0.6,0.7,0.5,0.6,0,0,0,0.00 (0.00 %)
,,,,,,,,,,,,,,,
HJC,6.2,6.2,6.2,6.2,6.2,6.2,0,6.2,7.1,5.3,6.2,0,0,0,0.00 (0.00 %)
,,,,,,,,,,,,,,,
HC1,7.1,7.1,7.1,7.1,7.1,7.1,0,7.1,9.9,4.3,7.1,0,0,0,0.00 (0.00 %)
,,,,,,,,,,,,,,,
HCI,11,11,11,11,11,11,0,11,12.6,9.4,11,0,0,0,0.00 (0.00 %)
,,,,,,,,,,,,,,,
HIG,8.5,8.5,8.5,8.5,8.5,8.5,400,8.5,9.7,7.3,8.5,3400000,0,0,0.00 (0.00 %)
,,,,,,,,,,,,,,,
HAC,13.7,13.7,13.7,13.7,13.7,13.7,0,13.7,15.7,11.7,13.7,0,0,0,0.00 (0.00 %)
,,,,,,,,,,,,,,,
HNP,17,17,17,17,17,17,0,17,19.5,14.5,17,0,0,0,0.00 (0.00 %)
,,,,,,,,,,,,,,,
HHN,1.7,1.7,1.7,1.7,1.7,1.7,0,1.7,2.3,1.1,1.7,0,0,0,0.00 (0.00 %)
,,,,,,,,,,,,,,,
HDP,18,18,18,18,18,18,700,18,20.7,15.3,18,12600000,0,0,0.00 (0.00 %)
,,,,,,,,,,,,,,,
HGW,10.5,10.5,10.5,10.5,10.5,10.5,0,10.5,12,9,10.5,0,0,0,0.00 (0.00 %)
,,,,,,,,,,,,,,,
HGT,8.3,8.3,8.3,8.3,8.3,8.3,0,8.3,11.6,5,8.3,0,0,0,0.00 (0.00 %)
,,,,,,,,,,,,,,,
HFX,8,8,8,8,8,8,0,8,9.2,6.8,8,0,0,0,0.00 (0.00 %)
,,,,,,,,,,,,,,,
HFC,6.3,6.3,6.3,6.3,6.3,6.3,0,6.3,8.8,3.8,6.3,0,0,0,0.00 (0.00 %)
,,,,,,,,,,,,,,,
HDW,11.2,11.2,11.2,11.2,11.2,11.2,0,11.2,12.8,9.6,11.2,0,0,0,0.00 (0.00 %)
,,,,,,,,,,,,,,,
HFB,13.6,13.6,13.6,13.6,13.6,13.6,1,13.6,15.6,11.6,13.6,13600,0,0,0.00 (0.00 %)
,,,,,,,,,,,,,,,
HES,17,17,17,17,17,17,0,17,19.5,14.5,17,0,0,0,0.00 (0.00 %)
,,,,,,,,,,,,,,,
HEM,15.9,15.9,15.9,15.9,15.9,15.9,0,15.9,18.2,13.6,15.9,0,0,0,0.00 (0.00 %)
,,,,,,,,,,,,,,,
HHR,0.5,0.5,0.5,0.5,0.5,0.5,0,0.5,0.7,0.3,0.5,0,0,0,0.00 (0.00 %)
,,,,,,,,,,,,,,,
GVT,79.4,79.4,79.4,79.4,79.4,79.4,0,79.4,91.3,67.5,79.4,0,0,0,0.00 (0.00 %)
,,,,,,,,,,,,,,,
HAM,30,30,30,30,30,30,0,30,34.5,25.5,30,0,0,0,0.00 (0.00 %)
,,,,,,,,,,,,,,,
HLR,14,14,14,14,14,14,0,14,16.1,11.9,14,0,0,0,0.00 (0.00 %)
,,,,,,,,,,,,,,,
HNM,8.8,8.7,8.8,8.7,8.8,8.8,9610,8.8,10.1,7.5,8.8,84421000,0,0,0.00 (0.00 %)
,,,,,,,,,,,,,,,
GER,17.1,17.1,17.1,17.1,17.1,17.1,0,17.1,19.6,14.6,17.1,0,0,0,0.00 (0.00 %)
,,,,,,,,,,,,,,,
HNF,20.1,20.1,20.1,20.1,20.1,20.1,0,20.1,23.1,17.1,20.1,0,0,0,0.00 (0.00 %)
,,,,,,,,,,,,,,,
GGG,3.8,3.8,3.8,3.8,3.8,3.8,0,3.8,4.3,3.3,3.8,0,0,0,0.00 (0.00 %)
,,,,,,,,,,,,,,,
GH3,7,7,7,7,7,7,0,7,9.8,4.2,7,0,0,0,0.00 (0.00 %)
,,,,,,,,,,,,,,,
HNB,11.4,11.4,11.4,11.4,11.4,11.4,0,11.4,13.1,9.7,11.4,0,0,0,0.00 (0.00 %)
,,,,,,,,,,,,,,,
GHC,29,29.1,29.1,28.6,29,29,30162,29,33.3,24.7,29,874430800,0,0,0.00 (0.00 %)
,,,,,,,,,,,,,,,
GLC,10,10,10,10,10,10,0,10,14,6,10,0,0,0,0.00 (0.00 %)
,,,,,,,,,,,,,,,
HMG,15,15,15,15,15,15,500,15,17.2,12.8,15,7500000,0,0,0.00 (0.00 %)
,,,,,,,,,,,,,,,
HLY,13.8,13.8,13.8,13.8,13.8,13.8,0,13.8,15.8,11.8,13.8,0,0,0,0.00 (0.00 %)
,,,,,,,,,,,,,,,
GLW,9.7,9.7,9.7,9.7,9.7,9.7,0,9.7,11.1,8.3,9.7,0,0,0,0.00 (0.00 %)
,,,,,,,,,,,,,,,
HEJ,11.4,11.4,11.4,11.4,11.4,11.4,0,11.4,13.1,9.7,11.4,0,0,0,0.00 (0.00 %)
,,,,,,,,,,,,,,,
GSM,20.9,20.9,20.9,20.9,20.9,20.9,0,20.9,24,17.8,20.9,0,0,0,0.00 (0.00 %)
,,,,,,,,,,,,,,,
GPC,3.9,3.9,3.9,3.9,3.9,3.9,0,3.9,4.4,3.4,3.9,0,0,0,0.00 (0.00 %)
,,,,,,,,,,,,,,,
GTD,11.8,11.8,11.8,11.8,11.8,11.8,0,11.8,13.5,10.1,11.8,0,0,0,0.00 (0.00 %)
,,,,,,,,,,,,,,,
HLT,10.1,10.1,10.1,10.1,10.1,10.1,0,10.1,11.6,8.6,10.1,0,0,0,0.00 (0.00 %)
,,,,,,,,,,,,,,,
HLS,11.5,11.5,11.5,11.5,11.5,11.5,0,11.5,13.2,9.8,11.5,0,5055,49539000,0.00 (0.00 %)
,,,,,,,,,,,,,,,
GTS,10,10,10,10,10,10,0,10,11.5,8.5,10,0,0,0,0.00 (0.00 %)
,,,,,,,,,,,,,,,
FOC,76.7,76.1,76.5,76,76.5,76.5,11814,76.5,88.2,65.2,76.5,903362400,0,0,-0.20 (-0.26 %)
,,,,,,,,,,,,,,,
VCR,23.9,23.8,24,23.8,23.8,23.8,5505,23.8,27.4,20.4,23.8,131930000,0,0,-0.10 (-0.42 %)
,,,,,,,,,,,,,,,
NCS,23.1,23,23,23,23,23,500,23,26.5,19.7,23,11500000,0,0,-0.10 (-0.43 %)
,,,,,,,,,,,,,,,
VEF,204.7,204,204,198,203.8,203.8,7007,203.8,235.4,174,203.8,1405373000,0,0,-0.90 (-0.44 %)
,,,,,,,,,,,,,,,
EMS,20.5,20.9,20.9,20.4,20.4,20.4,1105,20.4,23.5,17.5,20.4,22592500,0,0,-0.10 (-0.49 %)
,,,,,,,,,,,,,,,
SKV,39,38.8,38.8,38.7,38.8,38.8,4622,38.8,44.8,33.2,38.8,179190000,0,0,-0.20 (-0.51 %)
,,,,,,,,,,,,,,,
BSQ,19,19,19,18.8,18.9,18.9,6700,18.9,21.8,16.2,18.9,126620000,0,0,-0.10 (-0.53 %)
,,,,,,,,,,,,,,,
VOC,18.7,18.6,18.6,18,18.6,18.6,14010,18.6,21.5,15.9,18.6,255765000,0,0,-0.10 (-0.53 %)
,,,,,,,,,,,,,,,
SDV,31.4,31.2,31.2,31.2,31.2,31.2,1000,31.2,36.1,26.7,31.2,31200000,0,0,-0.20 (-0.64 %)
,,,,,,,,,,,,,,,
SKH,29.2,29,29,29,29,29,3102,29,33.5,24.9,29,89958800,0,0,-0.20 (-0.68 %)
,,,,,,,,,,,,,,,
VTK,54.6,56,57,53.7,54.2,54.2,85609,54.2,62.7,46.5,54.2,4735557200,0,0,-0.40 (-0.73 %)
,,,,,,,,,,,,,,,
CLX,13.6,13.4,13.6,13.4,13.5,13.5,80600,13.5,15.6,11.6,13.5,1088900000,0,0,-0.10 (-0.74 %)
,,,,,,,,,,,,,,,
SSH,66.8,66.8,66.8,66.2,66.3,66.3,49200,66.3,76.8,56.8,66.3,3262600000,0,0,-0.50 (-0.75 %)
,,,,,,,,,,,,,,,
PXL,12.9,12.9,13,12.7,12.8,12.8,90603,12.8,14.8,11,12.8,1160785700,0,0,-0.10 (-0.78 %)
,,,,,,,,,,,,,,,
SSG,12.4,12.3,12.3,12.3,12.3,12.3,100,12.3,14.2,10.6,12.3,1230000,0,0,-0.10 (-0.81 %)
,,,,,,,,,,,,,,,
VGG,36.8,36.1,36.5,35.9,36.5,36.5,2200,36.5,42.3,31.3,36.5,79200000,0,0,-0.30 (-0.82 %)
,,,,,,,,,,,,,,,
VGT,12,12,12.1,11.8,11.9,11.9,88764,11.9,13.8,10.2,11.9,1055928700,0,0,-0.10 (-0.83 %)
,,,,,,,,,,,,,,,
NBE,11.6,11.5,11.5,11.4,11.5,11.5,8300,11.5,13.3,9.9,11.5,95400000,0,0,-0.10 (-0.86 %)
,,,,,,,,,,,,,,,
EIC,22,21.8,21.8,21.8,21.8,21.8,200,21.8,25.3,18.7,21.8,4360000,0,0,-0.20 (-0.91 %)
,,,,,,,,,,,,,,,
VRG,30.2,30.5,30.5,29.9,29.9,29.9,22400,29.9,34.7,25.7,29.9,673190000,0,0,-0.30 (-0.99 %)
,,,,,,,,,,,,,,,
VUA,19.1,18.8,19,18.5,18.9,18.9,4502,18.9,21.9,16.3,18.9,84967600,0,0,-0.20 (-1.05 %)
,,,,,,,,,,,,,,,
DHB,9.1,9,9,8.6,9,9,1400,9,10.4,7.8,9,12560000,0,0,-0.10 (-1.10 %)
,,,,,,,,,,,,,,,
VAB,8.8,8.8,8.9,8.6,8.7,8.7,435763,8.7,10.1,7.5,8.7,3800792400,0,0,-0.10 (-1.14 %)
,,,,,,,,,,,,,,,
CMM,8.8,8.7,8.7,8.7,8.7,8.7,10200,8.7,10.1,7.5,8.7,88740000,0,0,-0.10 (-1.14 %)
,,,,,,,,,,,,,,,
HD6,17.4,17.5,17.5,17.2,17.2,17.2,10400,17.2,20,14.8,17.2,179050000,0,0,-0.20 (-1.15 %)
,,,,,,,,,,,,,,,
AAS,8.3,8.3,8.4,8.1,8.2,8.2,543182,8.2,9.5,7.1,8.2,4454199500,0,0,-0.10 (-1.20 %)
,,,,,,,,,,,,,,,
POS,16.2,16.2,16.5,15.5,16,16,95648,16,18.6,13.8,16,1522439200,0,0,-0.20 (-1.23 %)
,,,,,,,,,,,,,,,
VET,24.3,23,24,22.7,24,24,822,24,27.9,20.7,24,19113100,0,0,-0.30 (-1.23 %)
,,,,,,,,,,,,,,,
TCI,11.3,11.35,11.35,11,11.15,0,98600,11.15,12.05,10.55,0,1099000000,0,0,-11.30 (-100.00 %)
,,,,,,,,,,,,,,,
VGR,57.8,56.2,57,52.3,57,57,1516,57,66.4,49.2,57,85730900,0,0,-0.80 (-1.38 %)
,,,,,,,,,,,,,,,
NED,7.1,7.1,7.1,7,7,7,30036,7,8.1,6.1,7,211052000,0,0,-0.10 (-1.41 %)
,,,,,,,,,,,,,,,
ND2,34.5,34,34,34,34,34,100,34,39.6,29.4,34,3400000,0,0,-0.50 (-1.45 %)
,,,,,,,,,,,,,,,
SJG,13,12.8,12.8,12.8,12.8,12.8,1000,12.8,14.9,11.1,12.8,12800000,0,0,-0.20 (-1.54 %)
,,,,,,,,,,,,,,,
LPT,6.5,6.8,6.8,6.4,6.4,6.4,6300,6.4,7.4,5.6,6.4,40400000,0,0,-0.10 (-1.54 %)
,,,,,,,,,,,,,,,
HD2,25,25.1,25.1,24.6,24.6,24.6,6400,24.6,28.7,21.3,24.6,158930000,0,0,-0.40 (-1.60 %)
,,,,,,,,,,,,,,,
FRC,24.4,24,24,24,24,24,3000,24,28,20.8,24,72000000,0,0,-0.40 (-1.64 %)
,,,,,,,,,,,,,,,
ACV,83.2,83.2,83.2,80.3,81.8,81.8,369212,81.8,95.6,70.8,81.8,29933484200,0,0,-1.40 (-1.68 %)
,,,,,,,,,,,,,,,
CDR,5.8,5.6,5.7,5.6,5.7,5.7,8200,5.7,6.6,5,5.7,45960000,0,0,-0.10 (-1.72 %)
,,,,,,,,,,,,,,,
SIG,5.7,5.2,5.6,5,5.6,5.6,1000,5.6,6.5,4.9,5.6,5090000,0,0,-0.10 (-1.75 %)
,,,,,,,,,,,,,,,
VLG,5.6,5.6,5.6,5.5,5.5,5.5,11600,5.5,6.4,4.8,5.5,64030000,0,0,-0.10 (-1.79 %)
,,,,,,,,,,,,,,,
KLB,11.1,10.9,10.9,10.9,10.9,10.9,1006,10.9,12.7,9.5,10.9,10967100,0,0,-0.20 (-1.80 %)
,,,,,,,,,,,,,,,
CQT,10.2,10,10,10,10,10,200,10,11.7,8.7,10,2000000,0,0,-0.20 (-1.96 %)
,,,,,,,,,,,,,,,
HND,14.7,14.6,14.6,14.4,14.4,14.4,10000,14.4,16.9,12.5,14.4,144090000,0,0,-0.30 (-2.04 %)
,,,,,,,,,,,,,,,
ABW,9.6,9.6,9.6,9.4,9.4,9.4,23100,9.4,11,8.2,9.4,219090000,0,0,-0.20 (-2.08 %)
,,,,,,,,,,,,,,,
SGI,14.3,14.3,14.4,14,14,14,21500,14,16.4,12.2,14,305320000,0,0,-0.30 (-2.10 %)
,,,,,,,,,,,,,,,
LSG,9.4,9.5,9.5,8.5,9.2,9.2,8189,9.2,10.8,8,9.2,72860900,0,0,-0.20 (-2.13 %)
,,,,,,,,,,,,,,,
MML,27.1,27,27,23.5,26.5,26.5,1716,26.5,31.1,23.1,26.5,44732000,0,0,-0.60 (-2.21 %)
,,,,,,,,,,,,,,,
DRG,8.9,8.7,8.7,8.7,8.7,8.7,4700,8.7,10.2,7.6,8.7,40890000,0,0,-0.20 (-2.25 %)
,,,,,,,,,,,,,,,
HSV,4.4,4.4,4.4,4.2,4.3,4.3,181406,4.3,5,3.8,4.3,784456000,0,0,-0.10 (-2.27 %)
,,,,,,,,,,,,,,,
VLB,34.3,34.3,34.3,33.2,33.5,33.5,60270,33.5,39.4,29.2,33.5,2022671000,0,0,-0.80 (-2.33 %)
,,,,,,,,,,,,,,,
CSI,33.8,34.5,34.5,32.6,33,33,22800,33,38.8,28.8,33,761870000,0,0,-0.80 (-2.37 %)
,,,,,,,,,,,,,,,
PWA,3.5,3.1,3.4,3.1,3.4,3.4,79500,3.4,4,3,3.4,251110000,0,0,-0.10 (-2.86 %)
,,,,,,,,,,,,,,,
TED,40.2,38.3,42.5,38.3,39,39,4800,39,46.2,34.2,39,201110000,0,0,-1.20 (-2.99 %)
,,,,,,,,,,,,,,,
TLP,6.5,6.5,6.5,6.3,6.3,6.3,200,6.3,7.4,5.6,6.3,1280000,0,0,-0.20 (-3.08 %)
,,,,,,,,,,,,,,,
VTE,6.1,5.9,5.9,5.9,5.9,5.9,1900,5.9,7,5.2,5.9,11210000,0,0,-0.20 (-3.28 %)
,,,,,,,,,,,,,,,
STH,8.8,8.3,8.6,8.3,8.5,8.5,7300,8.5,10.1,7.5,8.5,61410000,0,0,-0.30 (-3.41 %)
,,,,,,,,,,,,,,,
LAI,78.7,79.9,79.9,76,76,76,400,76,90.5,66.9,76,30790000,0,0,-2.70 (-3.43 %)
,,,,,,,,,,,,,,,
AVC,57.1,57,57,55.1,55.1,55.1,3665,55.1,65.6,48.6,55.1,204105000,0,0,-2.00 (-3.50 %)
,,,,,,,,,,,,,,,
VFR,11.4,11.3,11.3,11,11,11,700,11,13.1,9.7,11,7820000,0,0,-0.40 (-3.51 %)
,,,,,,,,,,,,,,,
BIG,8.5,8.4,8.4,8,8.2,8.2,172120,8.2,9.7,7.3,8.2,1400486000,0,0,-0.30 (-3.53 %)
,,,,,,,,,,,,,,,
PXI,2.7,2.6,2.6,2.5,2.6,2.6,73300,2.6,3.1,2.3,2.6,186580000,0,0,-0.10 (-3.70 %)
,,,,,,,,,,,,,,,
VTA,5.3,5.1,5.2,4.6,5.1,5.1,44000,5.1,6,4.6,5.1,211860000,0,0,-0.20 (-3.77 %)
,,,,,,,,,,,,,,,
MGC,5.1,5,5,4.9,4.9,4.9,610,4.9,5.8,4.4,4.9,2998000,0,0,-0.20 (-3.92 %)
,,,,,,,,,,,,,,,
VSF,35.4,35,35,34,34,34,15706,34,40.7,30.1,34,534182300,0,0,-1.40 (-3.95 %)
,,,,,,,,,,,,,,,
BDT,12.5,12.5,12.5,11.7,12,12,101316,12,14.3,10.7,12,1222494800,0,0,-0.50 (-4.00 %)
,,,,,,,,,,,,,,,
PSP,9.9,9.5,9.5,9.5,9.5,9.5,2700,9.5,11.3,8.5,9.5,25650000,0,0,-0.40 (-4.04 %)
,,,,,,,,,,,,,,,
HTM,12.2,11.7,11.7,11.7,11.7,11.7,2000,11.7,14,10.4,11.7,23400000,0,0,-0.50 (-4.10 %)
,,,,,,,,,,,,,,,
LBC,11.5,11.5,11.5,11.5,11,11,0,11,13.2,9.8,11,0,2150,25800000,-0.50 (-4.35 %)
,,,,,,,,,,,,,,,
GND,28.5,29.7,29.7,24.5,27.1,27.1,1300,27.1,32.7,24.3,27.1,36630000,0,0,-1.40 (-4.91 %)
,,,,,,,,,,,,,,,
THM,12.2,11.6,11.6,11.6,11.6,11.6,600,11.6,14,10.4,11.6,6960000,0,0,-0.60 (-4.92 %)
,,,,,,,,,,,,,,,
DNW,33.8,32.5,33.9,32,32,32,3140,32,38.8,28.8,32,104492000,0,0,-1.80 (-5.33 %)
,,,,,,,,,,,,,,,
VPR,18,17.2,17.2,17,17,17,1100,17,20.7,15.3,17,18900000,0,0,-1.00 (-5.56 %)
,,,,,,,,,,,,,,,
CST,26.6,26.5,26.5,25,25.1,25.1,393908,25.1,30.5,22.7,25.1,10007852400,0,0,-1.50 (-5.64 %)
,,,,,,,,,,,,,,,
HC3,26.5,25,25,25,25,25,200,25,30.4,22.6,25,5000000,0,0,-1.50 (-5.66 %)
,,,,,,,,,,,,,,,
TTP,104.5,98.5,98.5,98.5,98.5,98.5,500,98.5,120.1,88.9,98.5,49250000,0,0,-6.00 (-5.74 %)
,,,,,,,,,,,,,,,
AG1,8.7,8.5,8.5,8.2,8.2,8.2,2210,8.2,10,7.4,8.2,18630000,0,0,-0.50 (-5.75 %)
,,,,,,,,,,,,,,,
MTL,5.2,4.9,4.9,4.8,4.9,4.9,40300,4.9,5.9,4.5,4.9,194080000,0,0,-0.30 (-5.77 %)
,,,,,,,,,,,,,,,
DMN,5.2,5,5,4.9,4.9,4.9,3120,4.9,5.9,4.5,4.9,15378000,0,0,-0.30 (-5.77 %)
,,,,,,,,,,,,,,,
SB1,6.4,6,6,6,6,6,4000,6,7.3,5.5,6,24000000,0,0,-0.40 (-6.25 %)
,,,,,,,,,,,,,,,
CDP,11,11.2,11.2,10.3,10.3,10.3,1100,10.3,12.6,9.4,10.3,11490000,0,0,-0.70 (-6.36 %)
,,,,,,,,,,,,,,,
L12,4.5,4.2,4.2,4.2,4.2,4.2,500,4.2,5.1,3.9,4.2,2100000,0,0,-0.30 (-6.67 %)
,,,,,,,,,,,,,,,
CAB,11.9,12,12,11.1,11.1,11.1,301,11.1,13.6,10.2,11.1,3522300,0,0,-0.80 (-6.72 %)
,,,,,,,,,,,,,,,
VTL,5.6,6.3,6.3,5.2,5.2,5.2,600,5.2,6.4,4.8,5.2,3230000,0,0,-0.40 (-7.14 %)
,,,,,,,,,,,,,,,
DID,4.2,3.9,4,3.9,3.9,3.9,2600,3.9,4.8,3.6,3.9,10150000,0,0,-0.30 (-7.14 %)
,,,,,,,,,,,,,,,
MLS,11.1,11,11,10.3,10.3,10.3,41100,10.3,12.7,9.5,10.3,424030000,0,0,-0.80 (-7.21 %)
,,,,,,,,,,,,,,,
HNI,23,21.3,21.3,21.3,21.3,21.3,160,21.3,26.4,19.6,21.3,3410000,0,0,-1.70 (-7.39 %)
,,,,,,,,,,,,,,,
XPH,6.7,6.2,6.2,6.2,6.2,6.2,500,6.2,7.7,5.7,6.2,3100000,0,0,-0.50 (-7.46 %)
,,,,,,,,,,,,,,,
NXT,11.4,11.3,11.4,10.5,10.5,10.5,123461,10.5,13.1,9.7,10.5,1387241000,0,0,-0.90 (-7.89 %)
,,,,,,,,,,,,,,,
MGG,30,31,31.5,27.4,27.4,27.4,600,27.4,34.5,25.5,27.4,17535000,0,0,-2.60 (-8.67 %)
,,,,,,,,,,,,,,,
MQN,23.9,23.5,23.5,21.6,21.6,21.6,2300,21.6,27.4,20.4,21.6,53480000,0,0,-2.30 (-9.62 %)
,,,,,,,,,,,,,,,
CMT,19.2,17.2,17.2,17.2,17.2,17.2,100,17.2,22,16.4,17.2,1720000,0,0,-2.00 (-10.42 %)
,,,,,,,,,,,,,,,
VHH,4.7,4,4.2,4,4.2,4.2,8902,4.2,5.4,4,4.2,37368400,0,0,-0.50 (-10.64 %)
,,,,,,,,,,,,,,,
BHI,15.9,14.2,14.2,14.2,14.2,14.2,108,14.2,18.2,13.6,14.2,1539000,0,0,-1.70 (-10.69 %)
,,,,,,,,,,,,,,,
CT6,7.2,6.3,6.5,6.3,6.3,6.3,7500,6.3,8.2,6.2,6.3,47820000,0,0,-0.90 (-12.50 %)
,,,,,,,,,,,,,,,
MTV,17.9,15.6,15.6,15.6,15.6,15.6,130,15.6,20.5,15.3,15.6,2045000,0,0,-2.30 (-12.85 %)
,,,,,,,,,,,,,,,
ILS,12.3,12,12,10.7,10.7,10.7,1800,10.7,14.1,10.5,10.7,19700000,0,0,-1.60 (-13.01 %)
,,,,,,,,,,,,,,,
PSN,10.4,9,9,9,9,9,400,9,11.9,8.9,9,3600000,0,0,-1.40 (-13.46 %)
,,,,,,,,,,,,,,,
TS3,6.6,7.2,7.2,5.7,5.7,5.7,37400,5.7,7.5,5.7,5.7,227370000,0,0,-0.90 (-13.64 %)
,,,,,,,,,,,,,,,
TSD,7.8,6.7,6.7,6.7,6.7,6.7,200,6.7,8.9,6.7,6.7,1340000,0,0,-1.10 (-14.10 %)
,,,,,,,,,,,,,,,
SKN,9.9,9.9,9.9,9.9,8.5,8.5,2,8.5,11.3,8.5,8.5,19800,0,0,-1.40 (-14.14 %)
,,,,,,,,,,,,,,,
PNG,23.6,20.2,20.2,20.2,20.2,20.2,100,20.2,27.1,20.1,20.2,2020000,0,0,-3.40 (-14.41 %)
,,,,,,,,,,,,,,,
CID,11.8,10.1,10.1,10.1,10.1,10.1,200,10.1,13.5,10.1,10.1,2020000,0,0,-1.70 (-14.41 %)
,,,,,,,,,,,,,,,
DNH,50.3,43,43,43,43,43,101,43,57.8,42.8,43,4357500,0,0,-7.30 (-14.51 %)
,,,,,,,,,,,,,,,
MGR,6.2,5.3,5.3,5.3,5.3,5.3,2400,5.3,7.1,5.3,5.3,12720000,0,0,-0.90 (-14.52 %)
,,,,,,,,,,,,,,,
SHC,11.5,9.8,9.8,9.8,9.8,9.8,1000,9.8,13.2,9.8,9.8,9800000,0,0,-1.70 (-14.78 %)
,,,,,,,,,,,,,,,
SPV,18.2,15.5,15.5,15.5,15.5,15.5,100,15.5,20.9,15.5,15.5,1550000,0,0,-2.70 (-14.84 %)
,,,,,,,,,,,,,,,
TUG,15.5,13.2,13.2,13.2,13.2,13.2,100,13.2,17.8,13.2,13.2,1320000,0,0,-2.30 (-14.84 %)
,,,,,,,,,,,,,,,
HLB,300,255,255,255,255,255,100,255,345,255,255,25500000,0,0,-45.00 (-15.00 %)
